video_id,video_title,video_url_id
1,How Saudi Arabia Is Turning Desert into Huge Farmlands,ziGN8HXdj6U
2,How Israel became the most advanced country in agriculture,SQu6T3NtX3M
3,Sustainable agriculture in the desert Growing Food in the Desert *Exclusive Documentary,R2J5T8_EQDc
4,Farming the Desert - How To Turn The Desert Green,mfblLpKKM1Q
5,building agricultural farm in desert,N7BSVzL2fFI
6,Farming in the desert,1Gvs0So-1dE
7,"Permaculture Farm in the Sahara Desert, Morocco | Domaine Nzaha | The Meridian Expedition",rEwzVyVk9to
8,"Desert Fog Nets Catch 10,000 Liters Of Water Daily",YxRONAZoMDk
9,6 Useful Methods China Uses To Convert Desert Into Productive Lands Rich With Crops,UW0CCk3FQ5I
10,Scientists Terrifying New Discovery Under Sahara Desert Changes Everything!,E-SH9XVU4s8
11,Water in the Desert? Israeli Scientists Find Creative New Solutions,8_Kdd-iEOb4
12,How China Turned the Desert into Green Forests,KTpaJn22w4I
13,Black Soldier Fly Farming and Harvesting Egg To Maggot - Maggots convert food waste at insect farm,TNvtPnSoYdk
14,How a farmer turned 90 acres of wasteland into a lush green forest in Odisha,C08FAa-Vlj0
15,5 Most Epic Earth Healing Projects!,Tpozw1CAxmU
16,7 Israeli Agriculture Technologies,v1DT4yvxpMw
17,"In Senegal, a master of permaculture grows a lush oasis in the desert",MYMIbLoxW8U
18,Building a farm in the desert Vlog #1,ERmVQUI6rKE
19,Growing Crops in the Desert with Seawater | Freethink,PvV-iPdORLc
20,FARM IN SIDE THE DESERT SAUDI ARABIA,u362ys1i8hM
21,How the Sahara Desert is Turning into a Farmland Oasis - GREENING THE DESERT PROJECT,QXQrvT23rPw
22,FARMING IN THE DESERT - COLOUR,KRsaWqi0bX8
23,Young farmers crushing it in the High Desert | Regenerative Agriculture | Grassfed Beef,t4OJc8-z6i0
24,This Farm In The Namibian Desert Supplies Spinneys With Delicious Grapes,d2yW3lb_3R0
25,Science how Saudi Arabia turning desert into green lands ( The Analyst ),XBWcAWH4RZs
26,Saudi Arabiaâ€™s Miraculous Move That Turned Deserts Into Farmlands,NoWIj3qJBG8
27,HUGE NEWS Saudi Arabia Is Turning Desert Into Farmlands,-JlnzfNyLYQ
28,How Saudi Arabia Is Turning The Desert Into Fertile Land,16gWEik8y2U
29,How Africa is Turning Dry Land into Green Forests,uHDSTCmQ8jY
30,Filipinas Arrested in Riyadh Saudi Arabia Running the illegal Massage center and Saloon in aprtments,VY4MP9ecbRE
31,How Saudi Arabia Is Building The Future,JUp6OmCSzLo
32,How China is Reforesting the Gobi  Desert into Forest - The Great Green Wall,lbEkCeKvpb4
33,Every Resident Is A Millionaire. The Wealthiest Village In China,BhdA3JEQkmw
34,Saudi Arabia Desert is Turning into Huge Farmlands | Saudi Desert Turns into Green | infoio,g25hjfw_lLc
35,Saudi Arabia Is Transforming Desert into Huge Farmlands,P08xpvXKGZo
36,How Saudi Arabia Is Turning Its Desert Into Farmland,UkfPdj2bCA8
37,How Saudi Arabia Is Turning Desert Into Huge Farmland Explain In Urdu/Hindhi,8NihW6pCp8Y
38,Coba Reaction Ep 1 - How Saudi Arabia is Turning Desert Into Huge Farmlands,kC-Ic5I6HK4
39,à¤¯à¥‡ à¤•à¤®à¤¾à¤² à¤•à¤¾ à¤¤à¤°à¥€à¤•à¤¾ à¤²à¤—à¤¾ à¤°à¤¹à¤¾ à¤¹à¥ˆ à¤¦à¥à¤¬à¤ˆ à¤°à¥‡à¤—à¤¿à¤¸à¥à¤¤à¤¾à¤¨ à¤®à¥‡à¤‚ à¤–à¥‡à¤¤à¥€ à¤•à¥‡ à¤²à¤¿à¤ how saudi farming in desert ! dubai,r3vrSyhN2pA
40,à¤¦à¥à¤¬à¤ˆ à¤°à¥‡à¤—à¤¿à¤¸à¥à¤¤à¤¾à¤¨ à¤®à¥‡à¤‚ à¤à¤¸à¥‡ à¤•à¤° à¤°à¤¹à¤¾ à¤¹à¥ˆ à¤–à¥‡à¤¤à¥€ | How Saudi Arabia Is Turning Desert into Farmlands,EvYcCQ4SkBU
41,How Israel is Reforesting the Desert into a Green Forest & Farmland Oasis,nizXCsCGk7k
42,Israel Agriculture No.1 On the World  - AGRITECH 2018,lt1vnLJu1GU
43,"After Israel invented this technique, it became a leader in agriculture. Netherlands shocked.",fDaxSa4Abr4
44,How did ISRAEL turn the DESERT into an AGRICULTURAL POWER? - VisualPolitik EN,DI3VqTkbuRA
45,Why Israel is a Tech Capital of the World,RuPx61911Oo
46,11 Things NOT to do in Israel - MUST SEE BEFORE YOU GO!,M-ZnT4wDMV4
47,"Amazing Agriculture Technology, Plant and Harvest Cucumbers in The Net House, Harvest Bell Peppers",mqZ77jYb6ko
48,IncrÃ­veis MÃ¡quinas de Agricultura Moderna e de Alto NÃ­vel como vocÃª nunca viu,pEF1IzHVdXk
49,Inside The Million Dollar Chicken Farm. Amazing Modern Chicks Poultry Farming Technology!,qKoJCT-EPCg
50,MODERN TECHNOLOGY BANANA FARM IN THE PHILIPPINES -AMAZING BANANA HARVESTING-GREAT BANANA PLANTATION,jh8QAn523bE
51,Amazing Mink Farming Technique - Mink Fur Harvest and Processing in Factory - Mink Fur industry,mKpaFoJPDSA
52,THE INDO-ISRAEL PROJECT: A GROWING PARTNERSHIP (FULL),Ta9mg28v9PE
53,Amazing Agriculture Homemade Inventions and Ingenious Machines,KAV0w-UIobI
54,ISRAEL - Advanced farming technologies for the future,h7VZDRcpQ2g
55,Netherland: One Of Largest Food Producer. How It Feeds The World?,SZXaUY5XdXo
56,Special Report - Israel: A Miracle in Agricultureâ€‹,LQ3192n9KVU
57,How did Israel become a country?,nufBpHmWhtQ
58,Singapore Is Building Farms Of The Future,a__Z5Y55u0Q
59,How Israel became a high-tech military power,Snwf8x7z20M
60,Agriculture Emissions Are Rising Due To International Trade,XZjz75zUxv8
61,Crazy Agricultural Tech Innovations in Israel,vc_DynzW_fA
62,What Is Agroforestry? Role In Climate-Smart Farming,jpm2WcKhfkI
63,The Story of Al Baydha:  A Regenerative Agriculture in the Saudi Desert.  Ù‚ØµØ© Ù…Ø´Ø±ÙˆØ¹ Ø§Ù„Ø¨ÙŠØ¶Ø§Ø¡,T39QHprz-x8
64,Al Reyhana â€“ Saudi Arabia (Desert Growing),35ahTvAJQB8
65,"Regenerative Farm Combines Ducks and Blueberries | Parc Carreg Duck Eggs, Wales",WfqPlDzWwjM
66,Incredible 1.5-Acre Permaculture / Syntropic Food Forest with Over 250 Plant Species,YBPLrr9Hph0
67,Next Gen Farming Without Soil and 90% Less Water  | GRATEFUL,3Ww2TP_tU7o
68,Can we stop the deserts from spreading?,D6Kz_OcOgvE
69,Living a sustainable life in the desert - Sustainable UAE Documentary,SujQa_IGW1Y
70,How Saudi Arabia Made the Desert Bloom - Explained in One Minute,dZVZ7U4RBoc
71,This start-up grows food in the desert in Abu Dhabi | Capital Connection,8M_KFWOMHqs
72,Growing Forests in the Desert,eK0nEV5dWBA
73,"Baladna Food Industries Documentary - Qatar, ÙˆØ«Ø§Ø¦Ù‚ÙŠ Ø¨Ù„Ø¯Ù†Ø§ Ù„Ù„ØµÙ†Ø§Ø¹Ø§Øª Ø§Ù„ØºØ°Ø§Ø¦ÙŠØ© - Ù‚Ø·Ø±",usHXMsJetRY
74,"Celebrating 10-Years at the Greening the Desert Project, Jordan",yI9wMtTvWps
75,How China Turned the Desert Green (and why it went wrong),yu_qTrxTEEA
76,A Beautiful House in Middle of Desert Cholistan || Free food for visitors and travelers,AoYMjMSazoo
77,Desert converted into Orchard |   Ú†ÙˆÙ„Ø³ØªØ§Ù† Ø¨Ù† Ú¯ÛŒØ§ Ù†Ø®Ù„Ø³ØªØ§Ù†,u1OmFUWu3mM
78,Turning the Desert Green with NanoClay,l7hbQOHToUg
79,A new solution to turn the UAE deserts green,qK__aJFQJEs
80,LARGEST Cattle Farms Around The World RANKED!,Zv4ITy3ZQVY
81,Awesome Nopal Cactus Harvesting ğŸŒµ - Nopal Cactus Cultivation - Cactus Farming and Harvest,zI4CHzPratg
82,Building a farm in the desert Vlog #4,vBIh0dfjJCU
83,La Permaculture en plein DÃ©sert | Domaine Nzaha,i-qw6NVkg50
84,How Goats are Regenerating a Forest and Protecting this Town from Bushfire,g9yiclBCxMo
85,Introduction to permaculture,oNreOaTK4BU
86,Cuba Permaculture Pilgrimage - Peregrinaje de Permacultura en Cuba,Dz7PqsPTRqk
87,"Walking the streets of Casablanca, Morocco",a9CvZNyqiWc
88,permaculture maroc,BiuqTSkQms8
89,OUR VAN CONVERSION (FULL TIME LAPSE) | DIY Sprinter Van Conversion | #VanLife UK,ip01BgNWVFI
90,ÙƒÙŠÙ ØªØ­Ø³Ù† Ø®ÙˆØ§Øµ Ø§Ù„Ø±Ù…Ù„ Ù„ØªØµØ¨Ø­ ØµØ§Ù„Ø­Ù‡ Ù„Ø²Ø±Ø§Ø¹Ø© Ø¬Ù…ÙŠØ¹ Ø§Ù„Ù†Ø¨Ø§ØªØ§Øª,irDUrZyRvhw
91,ÙƒÙŠÙ Ø­ÙˆÙ„Øª Ø§Ù„ØµÙŠÙ† Ø§Ù„ØµØ­Ø±Ø§Ø¡ Ø¥Ù„Ù‰ ØºØ§Ø¨Ø§Øª Ø®Ø¶Ø±Ø§Ø¡ØŸ ÙˆÙ…Ø§ Ù‡Ùˆ Ø³ÙˆØ± Ø§Ù„ØµÙŠÙ†  Ø§Ù„Ø£Ø®Ø¶Ø± Ø§Ù„Ø¹Ø¸ÙŠÙ…  Ø§Ù„Ø¬Ø¯ÙŠØ¯ØŸ,ALYac04GMmU
92,We Totally Transformed Our Land - Permaculture and Keyline Design in Portugal,BOhDpUH9aik
93,Ø®Ø¨Ø§ÙŠØ§ ÙˆØ£Ø³Ø±Ø§Ø± Ø²Ø±Ø§Ø¹Ø© Ø§Ù„Ø³Ø·ÙˆÙ„ Ø¨Ø§Ù„Ù…Ù†Ø²Ù„ Ø§Ùˆ Ø§Ù„Ø³Ø·Ø­ Ø§Ùˆ Ø¨Ø§Ù„Ø¨ÙŠØª Ø§Ù„Ù…Ø­Ù…ÙŠ ÙƒØ­Ù„ Ù†Ù‡Ø§Ø¦ÙŠ Ù„Ù„Ù†ÙŠÙ…Ø§ØªÙˆØ¯Ø§ Ø¨Ø§Ù„Ø²Ø±Ø§Ø¹Ø© Ø§Ù„Ø¹Ø¶ÙˆÙŠØ©,CqzZsoXdh9A
94,Morocco 8K HDR 60FPS (FUHD),hVvEISFw9w0
95,Ù…Ø²Ø§Ø±Ø¹ Ø¶Ø®Ù…Ø© ÙÙŠ ØµØ­Ø±Ø§Ø¡ Ø§Ù„Ù…ØºØ±Ø¨ Ø§Ù„Ù‚Ø§Ø­Ù„Ø©,yUvU1nu_IXo
96,aranyavas permaculture farm update 02-02-2022,RdHd7oAIFuY
97,THE SECRETS OF THE SAHARA DESERT,dKqMu_oEMoA
98,This man changed the fortunes of a barren land using traditional water wisdom. The story of Dhun-1,415an1V0FxQ
99,How to Turn Sea Water Into Fresh Water Without Pollution,KdFIHecZDfc
100,An Eco-hotel in Morocco| Sustainable tourism| The Meridian Expedition,SdPCzCP8ITQ
101,Critique of Capitalism | Nancy Fraser,mspR7LIP8NY
102,Debate Noam Chomsky & Michel Foucault - On human nature [Subtitled],3wfNl2L0Gf8
103,Solar Energy in Mauritania | The Meridian Expedition | The Least Visited Country,14JDNtvypr4
104,"Ø§Ù„Ø²Ø±Ø§Ø¹Ø©  ÙÙŠ Ø§Ù„ØµØ­Ø±Ø§Ø¡ |   Ù…ÙÙ‡ÙˆÙ…Ø§ Ø£ØµÙŠÙ„Ø§ ÙˆÙ…Ø¨ØªÙƒØ±Ø§Ù‹  |   Desert Farming |""Ù„Ù„Ø±Ù…Ù„ Ø§Ù„Ù‚Ø§Ø¨Ù„ Ù„Ù„ØªÙ†ÙØ³""",DUdTwcBEleg
105,"Vermicompost | Best Compost and Fertiliser with Worms in Agadir, Morocco in 4K",IqPOsFhhhTI
106,"These Fog Nets In The Desert Catch 10,000 Liters Of Water A Day",sA5RIdQdk8M
107,Cloud Catchers of Peru - BBC News,G4GHGBov15U
108,"Desert Fog Nets Catch 10,000 Liters Of Water Daily Amazing technique",7QYSMMpyUMI
109,DIY Fog Fence! New Design!! Hi-Efficiency Fog Net! New Material!  Harvest Water from Mist & Fog! $25,k7Vfp4aAuKE
110,Warka Water towers harvest drinkable water from the air | Design | Dezeen,THJVuinPbc0
111,Project Management ğŸ”¥Expert Full Course | Learn Project Management In One Video | Simplilearn,g7g1_SMiZww
112,Unbelievable Fishing in Dry Season - Catfish Underground Secret Dry Soil By Fisherman Skills,dvuSR2NLd1s
113,DIY Atmospheric Water Generator! - Produces/Extracts Distilled Water from the air! - DIY distiller,ksOr7lX_RVU
114,Rainwater Harvesting in the Desert | Greening the Desert,FxdJU1qwK50
115,Off-Grid Water With Air and Sunlight,KlUQ1pneow8
116,Homemade simple atmospheric water generator,1uMKK-e83nw
117,How does the Groasis Waterboxx plant cocoon work against desertification?,HRF2bUBPA90
118,How do people in the desert keep cool without AC?,n-HsXzyaYxY
119,"10.000 liters of water a day from the fog in Lima, Peru",h8rQ5aHAnuE
120,How This Beetle Could Help Solve Our Water Crisis | Evolutionary Tech,IoflT3Uvels
121,Fog harvesting,kGtF2vlBars
122,ÙƒÙŠÙÙŠØ© ØªØ­ÙˆÙŠÙ„ Ù…ÙŠØ§Ù‡ Ø§Ù„Ø¨Ø­Ø± Ø§Ù„Ù…Ø§Ù„Ø­Ø© Ù„Ù…ÙŠØ§Ù‡ Ø´Ø±Ø¨ ÙˆØ¹Ø°Ø¨Ø© ğŸŒŠğŸ’§ğŸ¥¤ | Ø´Ù„ÙˆÙ† ÙŠØµÙŠØ±ØŸ,doxxq9g6qZU
123,Emergency Water Source - Evaporating with a Solar Still: Survival Tip â–º All 4 Adventure TV,10k-DPcLrHU
124,Worlds largest Fog-collector CloudFisher in Morocco â€“ Producing drinking water from fog,0F7CQMd6mQ4
125,"HEBREW! How Great is our God / Gadol Elohai by Joshua Aaron in Jerusalem, Israel / Messianic Worship",sWSKtoURGAg
126,*EASY* EMERGENCY HEAT and Light for 72 DAYS | Crisco candles | SHTF,3l32MIPIHCw
127,# 18 || Fog Catching Nets || à¤ªà¤¾à¤¨à¥€ à¤ªà¤¾à¤¨à¥‡ à¤•à¤¾ Simple à¤¤à¤°à¥€à¤•à¤¾ || Get Fresh & Clean Water from Fog ||,Q6BrOi9KG4s
128,Ù„Ù† ØªØªØ®Ù„Øµ Ù…Ù† Ø§Ù„ÙÙ„ÙŠÙ† Ø§Ù„Ø¥ØµØ·Ù†Ø§Ø¹ÙŠ Ø¨Ø¹Ø¯ Ø§Ù„ÙŠÙˆÙ… Ø¥Ø³ØªØ¹Ù…Ø§Ù„Ø§Øª Ø±Ø§Ø¦Ø¹Ø©  !!,2eRxOlCyrao
129,Water bottle bird trap,GHUjeIEoPcE
130,The art of catching fog,GreePOBXdtg
131,Harvesting Fresh Water from Fog,h8vlzZ25vtg
132,"Bushcraft Skills - Axe & Knife Skills, Camp Setup, Fire (Overnight Camping)",0_4JKywBom0
133,Joe Rogan Experience #1470 - Elon Musk,RcYjXbSJBN8
134,Watch This New Technology in China That Converts Desert Into Productive Land Rich With Crops,_Y4SvrkmMBY
135,Watch How China Transforms Desert Into Productive Land By Converting Desert Sand Into Soil,jsymmLnus4M
136,China is turning the Desert Into Productive Land.,Vq5l8b4JGvk
137,China Uses Advanced Methods To Turn Lands Into Productive Fields Rich With Crops,wE17BgAsMHk
138,Ù„Ù…Ø§Ø°Ø§ Ø¨Ù†Ù‰ Ø§Ù„ØµÙŠÙ†ÙŠÙˆÙ† 446 ÙƒÙ… Ù…Ù† Ø§Ù„Ø·Ø±ÙŠÙ‚ Ø§Ù„Ø³Ø±ÙŠØ¹ ÙÙŠ ÙˆØ³Ø· ØµØ­Ø±Ø§Ø¡ Ù…Ù‡Ø¬ÙˆØ±Ø© !! Ù„Ù… ÙŠÙƒÙ† Ø°Ø§Ù„Ùƒ Ø¹Ø¨Ø«Ø§,WYcQmD9TtxQ
139,Personality Test: What Do You See First and What It Reveals About You,iJkGRt0BZPQ
140,Another Advanced Farming System In China Shocked The World,FxH5mhKw5BU
141,Chinaâ€™s Worldâ€™s Largest Mega Water Diversion Projects,Wn5QsSNxFXs
142,New technology in China turns desert into land rich with crops,cazVrq9v1mE
143,Scientists Terrifying New Discovery Hidden Under Sahara Desert,TcmKy6wzbZo
144,Scientists Terrifying New Discovery Under Siberia Changes Everything!,MjOtpTOJ00E
145,Scientists Terrifying New Discovery At Yellowstone National Park Changes Everything!,imXUVMcBeTM
146,Scientists Terrifying NEW Discovery Under Sahara Desert Changes Everything!,V1ZdeA5cpsQ
147,Scientists Terrifying New Discovery Under Sahara Desert Changes Everything!,bGyLbJDh0y0
148,Jordan Peterson: ELON MUSK is not who we think he is!,5WuGolAXZVg
149,10 Most Controversial Recent Discoveries!,jXEimBOezEA
150,Scientists Have Found Most Horrible Planet In Known Universe,21BmHqbxxKw
151,Voyager 1 Terrifying Discovery  In Interstellar Space After 45 Years,PF86Qvet4GY
152,Scientists Make Unexpected Discovery On Jupiter | Real Images,jETnc2lQdfE
153,Perseverance Rover Sent Latest SHOCKING Images of Martian Life,PTcczIDMuYg
154,Scientists Terrifying New Discovery Under Sahara Desert Changes Everything!,LOYeUhZ4Dbc
155,Scientists Terrifying New Discovery Under Sahara Desert Changes Everything,we4QMYAMtg8
156,Scientists Terrifying New Discovery Under Sahara Desert Changes Everything!,KTtNzeqaMow
157,Scientists Terrifying New Discovery under Sahara Desert Changed  Everything!,LJqYd_3pvYE
158,Scientists Terrifying Discovery Something Huge Hidden Beneath the Sahara Desert Changes Everything!,8pevyn4DsPw
159,Scientists Terrifying New Discovery In Egypt Changes Everything!,_GuUZocmHZI
160,Scientists Shocking New Discovery Under Sahara Desert!,2qVRpS_286I
161,Scientists Terrifying New Discovery At Yellowstone Volcano,TZ6qOp4FDmg
162,Scientists Terrifying New Discovery Hidden Under Sahara Desert,yqMhIwlZKmw
163,Scientists Terrifying New Discovery In Egypt That Changes Everything!,I6penbgrTEw
164,Scientists  New Discovery Under Sahara Desert Changes Everything,y5l5KTVuCd0
165,Israeli water technologies: Making every drop count,YscEfqIllt4
166,Dr. Charles Morgan on Psycho-Neurobiology and War,cTtIPBPSv0U
167,Israel Advance Agriculture Technology in Hindi,jdtP1VUGFmA
168,Changing the World - 7 Israeli Inventions,fPrI8WyXuE0
169,Israel taps into desert to enable sustainable living,doGgjeQTEOo
170,"Water Conservation and ""Reclaiming the Desert""",wS7SthjAbcc
171,How Israel Created a Water Surplus that Changed the Nation | FULL EPISODE | TBN Israel,KYhZwcwtN4k
172,Post Pandemic World: Israeli innovative solution for water services in the new normal,WccPQMVXOYE
173,Cutting Edge Water Innovation in Israel!,TeI5SLAC5_k
174,BSC solution to save water in the desert,OIH_Gki5MiM
175,How China Turned the Desert into Green Forests,1VwikeHfyU0
176,How China Turned the Desert into Green Forests!,WLEkFDDN4FU
177,à¤šà¥€à¤¨ à¤¨à¥‡ à¤•à¥ˆà¤¸à¥‡ à¤¬à¤¦à¤²à¥€ à¤‡à¤¸ à¤°à¥‡à¤—à¤¿à¤¸à¥à¤¤à¤¾à¤¨ à¤•à¥€ à¤¸à¥‚à¤°à¤¤à¥¤ How China Turned A Desert Into A Forest?,izPfBfDJb2U
178,How China Turned Deserts Into Forests? | The Great Green Wall,X2hnfcUJVQw
179,Our Forests | Timelapse in Google Earth,b4eLTYUcj7k
180,Archaeologist Discovers What No One Was Supposed to See,IBp_pcy9a_s
181,How China transformed its desert into a fruit growing oasis,BepMqZ4pFXQ
182,à¤•à¥ˆà¤¸à¥‡ china à¤°à¥‡à¤—à¤¿à¤¸à¥à¤¤à¤¾à¤¨ à¤•à¥‹ greenland à¤®à¥‡à¤‚ à¤¬à¤¦à¤² à¤°à¤¹à¤¾ à¤¹à¥ˆ | How China Turned the Desert into Green Forests,lGzEqY813jU
183,How China Transformed Its Desert Into Green Forest |Green Great Wall Of China,0gqCYKUdUI0
184,What If We Terraformed the Sahara Desert?,oH_OK6OGr80
185,Black Soldier Fly Farming and Harvesting Egg To Maggot   Maggots convert food waste at insect farm,ASX5bxha5xM
186,Inventing Tomorrow: Maggots turn food trash into treasure,yMNgXIzAXHg
187,Episode 76: How to make a very simple Black Soldier Fly Farm for composting and chicken treats,26LzU1-cr7M
188,Homemade Black Soldier Fly Breeding Cage - Starting black soldier fly larvae farming at home #1,MFAEJwd6ogU
189,ÙƒÙŠÙ ØªØµÙ†Ø¹ Ù…Ø²Ø±Ø¹Ù‡ ØµØºÙŠØ±Ø© Ù„Ø°Ø¨Ø§Ø¨Ø© Ø§Ù„Ø¬Ù†Ø¯Ù‰ Ø§Ù„Ø§Ø³ÙˆØ¯ Black soldier fly for fish farms and poultry farms,MJhIuHa_GeE
190,How to Use BSF Biowaste Treatment - Step by Step,5M6u9ZX5ecE
191,black soldier fly eggs reproduction center,ZbSYk-H2m4w
192,BRILLIANT!!! Small & Efficient place to cultivate Black Soldier Fly...,8plcB4wByFA
193,How to  dry  BSF larvae,G7uQureVGvo
194,Hangzhou Tianyuan Agriculture Company rearing fly larvae in pig manure,2u3eQnaODzw
195,"Black Soldier Fly Larvae Pod, Composting with your BSPOD",WEDNfWwFjXQ
196,Part 02 - 5-DOL five day old larvae results & how to breed bsf more efficiently,uGgTSOW5lBg
197,The Cycle Of Black Soldier Fly (BSF) Cultivation,QkBUd4dOr7w
198,How to breed maggots for your chicken and safe high cost of chicken feed,O2PW0yQlCno
199,Zimbabwe Maggot Farmer,to1tNvEiW5s
200,BSF rearing in Uganda. Center for Insect Research and Development Production Unit.,o0OV8a2SYxg
201,How to be overrun with black soldier fly larvae,wxKinzB0-jQ
202,BSF larvae production facility. Limpopo South Africa,TJ_TbGSbe5w
203,The Benefits of Insect Farming ğŸ¦ŸğŸ¦—ğŸœ,zXq44zglJMo
204,ØªØ¹Ø±Ù Ø¹Ù„Ù‰ Ø¯ÙˆØ±Ø© Ø­ÙŠØ§Ø© Ø°Ø¨Ø§Ø¨Ø© Ø§Ù„Ø¬Ù†Ø¯ÙŠ Ø§Ù„Ø£Ø³ÙˆØ¯  Ø§Ù„Ø¯Ø±Ø³ Ø§Ù„Ø§ÙˆÙ„  Ø§Ù„Ù…Ù‚Ø¯Ù…Ø© - Black Soldier FLY -Hermetia illucens,zSNzZn97oCc
205,Maggot Vs Apples (Black soldier fly time lapse)Â  Ø°Ø¨Ø§Ø¨Ø© Ø§Ù„Ø¬Ù†Ø¯Ù‰ Ø§Ù„Ø§Ø³ÙˆØ¯ ØªØ­Ù„ÙŠÙ„ Ø§Ù„Ù…ÙˆØ§Ø¯ Ø§Ù„Ø¹Ø¶ÙˆÙŠØ©,tmB3YUDNDPc
206,Maggots converts food waste to gold #maggots,9T3c_FSswqI
207,"House Fly Maggot ( for protein in Animal Feed, Poultry Pigs and Fish, done in Zambia Commercially.",KRKQ3_IUGOU
208,"BSF, (i.e. Black Soldier Flies), Your Next BFF",nqPWXXd-cfw
209,"Documentary on Pollution-free food chain: Amazing Black Soldier Fly, eggs, fishes, rice, vegs",8BMBd46OmaU
210,Maggots are easy to produce at home,DX5czrKYz9U
211,HOW TO PRODUCE HOUSEFLY MAGGOT | Catfish Farming in Nigeria #maggotproduct #bsf #thefarmlady,iaeuQPR8xdY
212,How a farmer turned 90 acres of wasteland into a lush green forest in Odisha #ecofriendly #greenbox,a7P_9vhUwLY
213,How one family turned 55 acre barren land into Food Forest | No till farming India | Organic Farming,3iGj67m9kOo
214,"Sabarmatee, Sambhav NGO - Nari Shakti Puraskar 2017 Winner",eW87VUUepmY
215,"Turning Degraded Land Into Forest, Woman Builds Natural Homestead",T145drzKhGc
216,Journey of Shoonya Farm | 1 Acre Farmhouse | Sustainable & Coexisting Living with Nature,mhwpd6A5ypY
217,Turning Reclaimed Mine Sites into Farm Fields,j_OBZKl956g
218,Humans Have the Potential to Turn Deserts into a Green Oasis,sxXfa0YGQvM
219,Transforming Rocks Green - Evidence from Agricultural Research,PYWkT8h8Qlo
220,The most visited Permaculture Farm  | Permaculture Simplified | à¤ªà¤°à¤®à¤¾à¤•à¤²à¥à¤šà¤° - à¤¸à¥à¤¥à¤¾à¤¯à¥€ à¤µà¤¾ à¤²à¤¾à¤­à¤¦à¤¾à¤¯à¤• à¤–à¥‡à¤¤à¥€,LBIvBgmP-8g
221,Jordan Peterson | Full Address and Q&A | Oxford Union,UZMIbo_DxJk
222,The Regenerative Farmer - David Marsh,3VoeMDFdTQk
223,How to convert waste land to agriculture land,ZEeHYbHe73U
224,How To Make YOUR Child Smart-Genius Kids(2-7 Year Olds Proof)-Phonics Reading To Raise A Smarter Kid,xpmUuhGiftU
225,Eco India: How can farmers thrive without using chemical fertilisers?,NCyNPwD_MNQ
226,How to grow a forest in your backyard | Shubhendu Sharma,mjUsobGWhs8
227,Regreening the desert with John D. Liu | VPRO Documentary | 2012,IDgDWbQtlKI
228,Regreening the planet | VPRO documentary (2014),OC_Y1ZTZXQ4
229,"50 Years Ago, This Was a Wasteland. He Changed Everything | Short Film Showcase",ZSPkcpGmflE
230,The Aranya story: turning barren land into a food forest using permaculture,XnTqhayGWrw
231,WHERE AM I? Permaculture Site Analysis,-XNiacRhzuM
232,How to Save Our Planet,0Puv0Pss33M
233,22 Inventions That Are Saving The Earth,FWFb-8hFutY
234,This Farm Design Can HEAL the PLANET,V3tpaIf6Jcc
235,7 Most Wonderful Natural Phenomena In The World,VwBGvYpFStE
236,6 SIMPLE INVENTIONS Using Recycled Materials,R0jU_hmwSr0
237,Forbidden Archaeology Documentary 2018 Ancient Ruins That Defy Mainstream History,XOhWfc6ssjI
238,The Genes Of This Tribe Carry DNA Of A Third Unknown Human Species,XYn3fw-dNhA
239,TIMELAPSE OF THE FUTURE: A Journey to the End of Time (4K),uD4izuDMUQA
240,EDIBLE FOREST GARDEN Â· Grow Food & Heal the Earth Â· Lessons Learned,z_C_R1Z9ixE
241,HEALING OM MEDITATION: 5 ELEMENTS / PANCH-BHOOT MANTRA : VERY POWERFUL,WclUe2RMHB0
242,5 Most Insanely Massive Projects Never Completed,qsgA8dJjCe4
243,The Rights of Nature: A Global Movement - Feature Documentary,kuFNmH7lVTA
244,Natural sequence farming: How Peter Andrews rejuvenates drought-struck land | Australian Story,-4OBcRHX1Bc
245,22 Inventions That Are Saving The Earth,ul_I3Lx7mbg
246,We WILL Fix Climate Change!,LxgMdjyw8uw
247,His Epic Message Will Make You Want to Save the World | Short Film Showcase,B-nEYsyRlYo
248,Do Pyramids Have Strange Powers? 7 Day Experiment Reveals SECRET,ExX65rG7FQg
249,The Revelation Of The Pyramids (Documentary),2fS9ixfQ_no
250,"100% Pure Schumann Resonance for Grounding, Stability, & Well-Being ğŸ™",RlQbT-5d9jU
251,Michael Jackson - Earth Song (Official Video),XAi3VTSdTxU
252,Advanced Humans & E.Ts  Came from the Future to Develop Ancient Civilizations,AJf3aDRRLnQ
253,Corporate Social Responsibility #2: 7 Israeli Agriculture Technologies,L6Mz-oMJr50
254,How to Grow Tomatoes in Israel - Amazing Israel Agriculture Technology,TxyAeoNDNuc
255,How to grow cucumbers to produce a lot of fruit in soil Bags at home,B13E4BvRkj0
256,Awesome Papaya Cultivation Technology -  Papaya Farming and Harvest - Papaya Processing,uU8oPX5xv-A
257,Using 1500 Plastic Bottles for Backyard Aquaponics Farming Fresh Fish and Growing Water Convolvulus,qFd62j05TAI
258,Amazing Onion Farming and Harvesting Techniques - Amazing Onion Cultivation,zRzDTrovOY0
259,World Ingenious Harvesting Technology - How To Harvest Banana - Banana Harvesting & Farming,gjsbVgM27Do
260,Modern Potato Agriculture Technology - Aeroponics Potato Farming - Potato Chip Process Factory,9ck5iEP03g4
261,15 Modern Farming Technologies that are NEXT LEVEL,DoVGbPa0jHw
262,Israel.. agriculture.. technology..ğŸ­,KZWplgWJvj8
263,Modern Agriculture Technology - Israel Agriculture Technology - Agriculture in The Desert,Y0zLSM-VMj0
264,"Greenhouse farming in Israel.  organic farming. hydroponic, indoor circulated fish farm",hPtXKPSAi9w
265,"à´‡à´¸àµà´°à´¾à´¯àµ‡àµ½  à´•àµƒà´·à´¿à´¯à´¿à´Ÿà´™àµà´™à´³à´¿à´²àµ† 7à´•à´£àµà´Ÿàµà´ªà´¿à´Ÿàµà´¤àµà´¤à´™àµà´™àµ¾, Israeli agricultural technologies Malayalam vlogs.",FrrgBScX9f8
266,Agriculture technologies - Israeli expertise feeds the world,yzbOnrLDuxY
267,Hope for Patar Region Diourbel Senegal - Permaculture Greening the Desert #WorldGraceRide,IAQspkEtlsY
268,This Legendary Florida Farm Has Changed The Way We Grow Food,1_nNo7adRTQ
269,Permaculture South Africa,DdD85N2iVlc
270,"Magical houses, made of bamboo | Elora Hardy",kK_UjBmHqQw
271,"In Kenya, An Inspiring Maasai Man Creates Change Through Permaculture",bt1vIi_y1jw
272,How the Sahara Desert has Turned into a Farmland Oasis GREENING THE DESERT PROJECT #2,7Uhgw8_bKOI
273,Searching for Bill Mollison: Exploring the Tucson swales,kUzqMmnNYaw
274,Restoring the ancient Caledonian Forest Alan Watson Featherstone TEDxFindhorn,nAGHUkby2Is
275,Bill Mollison   In Grave Danger of Falling Food 1989,IRy0FXd-1QA
276,"Geoff Lawton:  Surviving Collapse, Designing your Way to Abundance",01N-kBSdiZI
277,Turning the Desert into a Self Sufficient Eco Community Oasis,voFbtbXRZ8I
278,The Forested Garden: What is a Food Forest?,hCJfSYZqZ0Y
279,Inspiring Woman Growing a Huge Amount of Food in Her City Permaculture Garden,Y9ZukMyejLk
280,Amazing 23-Year-Old Permaculture Food Forest - An Invitation for Wildness,6GJFL0MD9fc
281,From Drought To Prosperity (Hindi) | Paani Foundation | Satyamev Jayate Water Cup,09PGpYZlhrw
282,Building a farm in the desert Vlog #2,12Y4edOHk3g
283,Building a farm in the desert Vlog #3,UnQLGyv4_NU
284,Farming in Saudi Arabia l vegitable farm in ksa l Saudi village life l MADINA,PY4n2CBupvI
285,"KÉ™ndsayaÄŸÄ± SÉ™mÉ™ni HalvasÄ±, Caucasian Dessert With Just One Ingredient, Cooking Videos",Fba-9y4fCLM
286,My Farm Dubai | 100% Biodynamic Farm In The Dubai Desert (4K) Short Documentary,-7LcL4E1oCA
287,We Went To Saudi Arabia.,MvSTLwpRkuM
288,Ù…Ù† Ø§ØºØ±Ø¨ Ø§Ù„Ø§Ø´ÙŠØ§Ø¡ Ø§Ù„Ù‰ Ù…Ù…ÙƒÙ† ØªØ´ÙˆÙÙ‡Ø§ Ø´Ø¬Ø±Ø© Ø¨ØªØªØ­Ø±Ùƒ.,PBkULg-jqLk
289,#AsianQualifiers - Group B | Saudi Arabia 1 - 0 Australia.,mRB1LQybxM8
290,FULL VIDEO: 150 Days Build Bamboo House And Project Completion | LÃ½ Thá»‹ Ca - Ep.71,ERSp42JZ9iA
291,PINAKA-MAGANDA at MALAWAK na FARM at HACIENDA ng mga ARTISTA sa PILIPINAS!,aL1areq7VHI
292,Living a Radically Simple Permaculture Life on 1/4 Acre | Creatures of Place,rCRukvZE2Vk
293,!Ù…Ø²Ø±Ø¹Ø© ÙÙŠ Ø§Ù„ØµØ­Ø±Ø§Ø¡! ÙƒÙŠÙØŸ--A farm in the desert! How?!,MhDH6BCmBhk
294,Father & Son Build their Dream Log Cabin in the Canadian Wilderness (FULL BUILD),unhqK1JGytY
295,1 Hectare Farm Tour | Our Farm | Philippines,T9ZbBareoX4
296,WELCOME TO OUR FARM! (Beati Firma Farm Tour Part 1) | Bea Alonzo,3LSElHQKRho
297,FIRST TIME CAMPING IN THE DESERT.. | Showering in the middle of nowhere,bXSlm4wOWak
298,How One Man Farms the Las Vegas Desert,2Hg28MIf5bU
299,Saltwater Grown Crops in Arab Countries/Growing Crop in Desert with Seawater/Red Sea Farm/AgroStar,xGBS-7xVQZs
300,Growing Food in the Sahara Desert Using Sunlight and Seawater,nigYQFOGViA
301,Growing food in the Australian desert with sunlight and seawater - the Sundrop Farms project,jUWdtwYh96c
302,Farming With Salty Water Is Possible,sspt-evxL0Q
303,"Rice grown in desert, using seawater with over double the global average yields",SmBXvpBxW7I
304,Growing trees and food in the desert while preserving water,iLZPFycVWLI
305,This Farm of the Future Uses No Soil and 95% Less Water,-_tvJtUHnmU
306,Ancient practices to increase water storage in desert aquifers ğŸ’§ğŸ’¦ | Waterpedia #WaterWednesday,NKC1P0xUn9I
307,Successful planting Dubai desert with the Groasis Waterboxx,jvc1Wm9KKro
308,Planting the desert with Dubai Municipality using Groasis Technology to combat desertification,ld_-lp0LTzM
309,Growing Tomatoes In The Desert With Sunlight And Seawater,72P-FUuUAZE
310,What does the success of seawater rice mean?,ZIRdjNaObmE
311,Could seawater rice determine the future of food security?,2BMxx70TXeY
312,Sun Drop Farm converts seawater to irrigation water used to grow tomatoes Ù…Ø²Ø±Ø¹Ø© ØªØ±ÙˆÙ‰ Ø¨Ù…Ø§Ø¡ Ø§Ù„Ø¨Ø­Ø±,7bn1st5OME0
313,Farming for the future: the crops grown from seawater,xQMixBBnYa4
314,Khalifa University - The integrated Seawater Energy and Agriculture (SBRC),MyGE8XFbrRw
315,DIY regenerative ocean farms: The future of food and fuel? | Future Explored by Freethink,iZW72i0DVqE
316,New project uses saltwater to grow crops,RfBZKh9RLk4
317,How Do Plants Grow in Saltwater?,k-QJEbNfooU
318,Desert Farming in Saudi Arabia @Anith & Family Vlog,B1VtolXgPFg
319,How Vegetable Farm Looks Like in Saudi Arabian Desert,Rfusr21CJTQ
320,THE LUXURY LIFE OF SAUDI ARABIA !!!,y5-dt_lbUIk
321,Amazing Medjool Dates Fruit Farming and Factory - Artificial Intelligence Date Processing Technology,n7kusLPODqU
322,JORDAN RIVER DATES - FARMS & PACKING FACILITIES,IoS69O5J_3A
323,How Saudi Arabia Transformed Desert into Agricultural Farmland | Agriculture in Saudi Arabia,lLuTjv1Elfw
324,Desert Farming II Irrigation system of Saudi Arebia II Al Qassim.,ibFMNwKcvZA
325,Is This Really SAUDI ARABIA? (SECRET OASIS),-_wH5R6qBxA
326,Most Beautiful Place in Saudi Arabia? Incredible Rock Formations of the Southern Nafud Desert,O9rcTYExmlA
327,Goat Farm In Desert Of Saudi Arabia - Ù…Ø²Ø±Ø¹Ø© Ø§Ù„Ù…Ø§Ø¹Ø² ÙÙŠ ØµØ­Ø±Ø§Ø¡ Ø§Ù„Ù…Ù…Ù„ÙƒØ© Ø§Ù„Ø¹Ø±Ø¨ÙŠØ© Ø§Ù„Ø³Ø¹ÙˆØ¯ÙŠØ©,Ff7VF3zlc08
328,"One of the Biggest Farm here in Bisha, Kingdom of Saudi Arabia",iMYDRBWxyrE
329,How Sahara Will Naturally Turn Green In The Coming Years | Amazing Facts About The Sahara Desert,S3FVyv27h3Y
330,How Arizonas Cities are Becoming a Sustainable Green Oasis in the Desert - GREENING THE DESERT,UHyrVKUEirY
331,How the Sahara Desert is turning into evergreening farmland. Greening the desert,gezeS3MasSM
332,This Discovery in Egypt Scares Scientists!,8xOpIhgtQkA
333,Justdiggit: Restoring dry land in Tanzania | Global Ideas,RPJ9T4yAEGs
334,James Webb Telescope Terrifying Alien Civilization Discovery on Proxima b,o_wqTJJPWsM
335,Man Spends 30 Years Turning Degraded Land into Massive Forest â€“ Fools & Dreamers (Full Documentary),3VZSJKbzyMc
336,How Saudi Arabia Turned Its Desert Into Farmland Oasis In 10 years,0wyrHNlXCRU
337,Egypt plans to green its desert,RAEQXUVqoyg
338,FARMING IN THE DESERT - COLOUR  - NO SOUND,s0pCYAa57hU
339,A Garbage Truck Recycles Waste for Kids,dFq2ZZvjFN8
340,Amazing Goose Farming Technology Produces Meat and Foie Gras ğŸ¦¢ - Foie Gras processing in Factory,VMXmrjxinZE
341,Power Self-Running organic potato Farm in Saudi Arabia  (KSA)à´‰à´°àµà´³à´•àµà´•à´¿à´´à´™àµà´™àµ à´ªà´¾à´Ÿà´‚#uppumpuliyum,fF1LMuG22wQ
342,"YOUNG FARMER NAILING IT in Regenerative Agriculture | Highland Cattle,  Grassfed Beef, Silvopasture",QveZNvPsYjY
343,Raising Grass Fed Beef in a Desert | Regenerative Farming,4sE6wrNeUMU
344,"Vladivostok 4K. City, People and Sights. Far East of Russia",Fqdbh6yrMZo
345,2 Hugelkulturs | Homesteading | High Desert,w7jCqvxy8Ws
346,Elon Musk and Peter Diamandis LIVE on $100M XPRIZE Carbon Removal,BN88HPUm6j0
347,The Incredible Benefits of Agroforestry on Small Farms | Introduction to Agroforestry,iO0ycMkr8lo
348,We Started Restoring a Dryland and This Is Two Years Later!,04Y0mTecy0g
349,Topsoil: Sheep Farm Builds Soil in Only 3 Years!,tKoQv72kNS4
350,How to Start a Regenerative Garden At Home | NowThis,eNcSkb8uR-s
351,"Understanding Our Soil: The Nitrogen Cycle, Fixers, and Fertilizer",A8qTRBc8Bws
352,Where Can Regenerative Agriculture Actually Work???,xv0KNqgFiE0
353,My 5 Most Profitable Crops,CTW0_s8YPOA
354,How to Grow Microgreens from Start to Finish (COMPLETE GUIDE),dtvuMNVLISo
355,All You Need to Farm Without a Tractor | Small-Scale Regenerative Farming,ezTLe-bCGBQ
356,Farm Animals Protect Chicken Friend from Hawk Attack || Dogtooth Media,CC_1-VuwRfE
357,How We Raise Milk Fed Pastured Pork on Our Permaculture Farm,CloGPgGE9WQ
358,"Magic! - ""Rude"" (Lyric Video) (Dean Raven Cover)",h0qHKMJjVzs
359,"Robin Thicke - Blurred Lines ft. T.I., Pharrell (Official Music Video)",yyDUC1LUXSU
360,Regenerative Farming Revolution - On-farm with Karen Jarling - 5 different regenerative techniques.,-KQCaDAsoX8
361,Why this retired farmer plants trees | Regenerative Agriculture in Spain,uhhRoKSJszw
362,Richards Grassfed Beef: What is Regenerative Agriculture?,Jmwzqn7oZ1c
363,Country Archer and Richards Grassfed Beef discuss Regenerative Agriculture,wIX4cb6MC_Q
364,Regenerative Agriculture at Perennial Pastures Ranch,iBDUVl9U0Ac
365,Regenerative Agriculture & Cattle,hdEHzEmI9q8
366,"This Farm Has Been Supplying Spinneys With Apricots, Plums, Nectarines and Peaches For A Decade",0KkqlCIrC38
367,Autumn King Grapes,4lM885dIX5Y
368,Two Year Grapes - How To Grow Grapes In Your Garden,sTBOjPxix5c
369,farm of grapes in miliou,VCvIGbK-CFM
370,Pico-Gro Is The Sustainable Microgreen Farm That Supplies Spinneys With Edible Flowers,dmfdH10wk90
371,#FarminginNamibia Grape planting,ivvAnpJHjIY
372,"Abode of Mystery Pink Bag 4:40 Moon Boxes,3 Fire Totem,Part D Family Island@Lets Play Family Island",FIvU77RkjrY
373,"NAMIBIA, crazy 4x4 dune driving in Sandwich Harbour : Amazing Planet (4K) 2021",8yqYKUnG9aw
374,NamibiaCam: Baby warthog piglets - 17 March 2022,IaUQl94g0ug
375,WOW! Most Amazing Fruits & Vegetables Farming Technique - Agriculture Technology,_1m_fnS9e9Y
376,Top 10 Best African Fruits,IfHkNf-LKvs
377,Picking Peaches for the Labor Day Weekend Market,l2xdYACyMSU
378,WOW! Worldâ€™s Strangest Fruits - That Look Like Aliens,Ns_yJfvy1RE
379,How to make Dry Grape - Raisin Making Processing - Raisin Factory,72CU-6VwoUM
380,Most Amazing Fruits and Vegetables Farming Technique,ArhxoFmvCHE
381,Growing grapes from seeds is very easy with 3 steps,Yi7WtWVJssA
382,Saleel Game Farm - SouthAfrica Ù…Ø­Ù…ÙŠØ© Ø³Ù„ÙŠÙ„ - Ø¬Ù†ÙˆØ¨ Ø§ÙØ±ÙŠÙ‚ÙŠØ§,zWw3xSJXn7o
383,What makes Tanzania Dodoma grape unique with the rest of the world?| Grape vineyard farming in China,_j1fTC91P4o
384,SAFE Grape Harvest Video,SrA74RLFQ8M
385,DO YOU WANT TO INVEST IN GRAPES FARM IN TANZANIA?,7SxVfpOR5eU
386,Sweet and Delicious grapes | British Summer Harvest | England,2x_uwoK6-HU
387,"Silverlands Vineyards, Namibia",fZPK99zBLpI
388,Jesus I am In,Cn1Vqz2icXY
389,X-RAY SA BAGA: Kailan Dapat Gawin - Payo ni Dr Leni Fernandez #2b,OXAdfS_Svrw
390,#OfwLifeInCyprus || Grapes Farm In  Cyprus Europe,SP41PI2X744
391,GRAPES FARM IN SAUDI 2019,yhQYGXezUMo
392,Spinneys 60 years anniversary,xTQrO_caw_s
393,This Postcard Perfect Farm In South Africa Supplies Cherry Plums To Spinneys,CSL2Bb-4wAw
394,"Orange River Vineyards Investment (ORVI) - Aussenkehr, Namibia",nLQPmauCPW4
395,Grapes Farming || Manipur...(khuyamdo),J5312gu74ik
396,Spinneys Sources Its White-Flesh Nectarines From This South-African Farm,H28qG7hwRN0
397,"High-yielding and adaptable Red haven peach variety earns Sh15,000 per tree",EEP2LdfDmwg
398,Ø¯ÙƒØªÙˆØ±Ø© Ø±Ø¤Ù‰ - Ø¹Ø§Ø¦Ù„Ø© Ø¹Ù…Ø± - Ø£ÙÙ„Ø§Ù… Ø¨Ù„Ø§ÙŠ,aRgoM5jW96Q
399,Ø·ÙŠØ±Øª Ø´ÙØ§ ÙÙŠ Ø§Ù„Ø³Ù…Ø§Ø¡ !!,DXv_wupt4Rs
400,Star South: The Stone Fruit Story,FGzN-Tp0VuQ
401,BEST $Beli$ Farming Method - in A 0ne Piece Game,3QiIIpS0BYY
402,APRICOT SEEDLING - HOW TO GROW APRICOT TREE FROM SEEDS @Sprouting Seeds,inLmB8jjIWI
403,Amazing Peach Farming & Harvesting. Awesome Modern Peach Processing Technology Line,vNqiSpWjPY4
404,Red Apricot Farm and Harvesting - Dried Apricots Processing Technology - Awesome Apricot Harvesting,aPo3XG4O4sA
405,How we export fruit seedlings from Kenya - OxfarmAg,Rs646lTOZqs
406,How to Harvest Apricots? Dried Apricots Processing Technology - Apricot Farming & Apricot Harvesting,A2y2mwNCZaQ
407,HOW YOU CAN EARN 39% APR JUST BY PLAYING SPLINTERLANDS,xBecY9_VDWk
408,Horizon Forbidden West: APEX Slaugterspine Locations & XP Farming,DX7lg2dCWMk
409,BNB Crops Farmer Just made my 1st claim on film to show all you how Awesome this crypto project is!!,cOtKVKVdVT0
410,Apricot Finance l Lending & Farming Super App On Solana,XbOxCdmadt0
411,Picking apricots and yellow plums at the USA ğŸ‡ºğŸ‡¸ FARM,y9_ZqTNXdnU
412,"ğŸ‘Fruits Picking Season in California. Buying plums, nectarine & peaches from farmers |chunduruvlogs|",vL9rC2TUBAE
413,"No more confusion about Peach and Nectarine fruits, Explained| Peach and Nectarine farming in China.",pQuLIH3eaNo
414,Ø§ÙˆØ¯Ø¨ÙˆØ¯Ø² | Ø§Ø¬Ù…Ù„ Ù…Ù‚Ø§Ù„Ø¨ Ø§ÙˆØ¯Ø¨ÙˆØ¯Ø² | Ø§ÙÙ„Ø§Ù… ÙƒØ±ØªÙˆÙ† Ù…Ø¶Ø­Ùƒ Ø¬Ø¯Ø§,bEoPuQgOkR8
415,ğŸ¦–Triceratops Trial | Gigantosaurus | Disney Junior Arabia,xUJNmDVeX8E
416,GROWING NECTARINES & PEACHES | LIVESTREAM,mDQhjpcp724
417,"Fruit Cocktail Tree - Apricot, Plum, Peach & Nectarine (Ep. 36)",boP2NL58Tpo
418,"How to pick peaches, plums and nectarines",0PVv2bh68CU
419,10 Health Benefits of Nectarines || nectarine good for diabetes || plum health benefits,GhugknX5XHI
420,"How to Cut Peaches, Nectarines, Plums",PXj_ZPrGeso
421,Meet the nectarine farmer - Fresh stories from the farm,-Qp16a1ZRpU
422,"FLM   Nectarines, Plums, Apricots, Peaches, Blueberries & Grapes",WAUchWL0hd0
423,Ğ’Ğ¸Ğ½Ğ¾Ğ³Ñ€Ğ°Ğ´ ĞšĞ¾Ñ€Ğ¾Ğ»ÑŒ Ğ¾ÑĞµĞ½Ğ¸. Ğ¡ĞµĞ·Ğ¾Ğ½ 2021 (Grape Autumn King. Season 2021),PI_kztzm9Z4
424,Italy - ARRA Full,Mlq8wUyws0M
425,Gualahuer En La Uva Autumn Royal,M1j1fAHS85E
426,Autumn Royal Black Seedless Grapes,pM5qRe-eSzs
427,Mountain View Focus: Scarlet Royal Grapes,o7E5BTgnpcU
428,ARRA PROMO VIDEO 1080p,UQZphFGf5WM
429,"krishna Sharad seedless | Autumn king grapes | Indian grapes , à²Ÿà³Šà²®à³†à²Ÿà³Š",vY0-0ft7c0c
430,A pot of wine among watermelon fields.Soâ€¦The life of watermelons and grapes?ç“œé—´ä¸€å£¶é…’ï¼Œè¥¿ç“œå’Œè‘¡è„çš„ä¸€ç”Ÿï¼Ÿä¸¨Liziqi,kgEgOi32CE0
431,æ‘˜äº›ç™½æœï¼Œç‚–ä¸€é”…ç§‹å­£å…»ç”Ÿæ±¤ï¼šç™½æœç‚–çŒªå°è‚ ã€æ»‡è¥¿å°å“¥ã€‘,is7vwWI_Ctk
432,"Harvest Wine Grape, Amazing New Agriculture Technology, Traditional Wine Making Processing",NuCWb_rTsbE
433,Amazing Grape Farming  And Grape Picking Technology | Grape Harvest Machine,DUrbWDeE1yc
434,Kyoho Famous and Most Expensive Grape Farm In The world,dX4k4hK3NFc
435,"FREESTYLE EATING FRESH FRUITS *BLACKBERRIES, JUICY STRAWBERRIES, WHITE GRAPES* BIG BITES ë¨¹ë°©",wnMa_-J2z_A
436,Amazing Grape Harvesting and Processing Grape Juice ğŸ‡ - Modern agricultural harvesting machines,mIDof6rrqqM
437,WOW! Amazing Agriculture Technology - Grape,QeEqoUXIcHY
438,"åŠæŸ¿é¥¼|Itâ€™s a red mountain, and in the fall, itâ€™s natural to make some sweet persimmons.|Liziqi channel",QHTnuI9IKBA
439,Summer Pruning Grape Vines. How to get More Quality and Tasty Grapes in the Vineyard!,Z-fLJ4jTWkk
440,Growing grapes outdoors in cold climates.,raNkOg92Pqc
441,Switzerland Grapes Yard Tour | Autumn King Grapes | Garden Garden Tour Switzerland | SULUR SAMAYAL,myMntuz4E68
442,Colorful Japanese Grape Garden|Autumn King Grapes |grapes farming in Usa or Australia |angur farming,tRrrz1upj7U
443,Sun Worldâ€™s Delicious AUTUMNCRISPÂ® brand grapes,dEHi7ZxSBvM
444,Autumn Royal Variety,PdEClImsf70
445,Look this AMAZING Rooted Grafted Vines! Fantastic Spring in the Nurseries Cooperatives,2UUtwUhI0RM
446,kebun anggur autumn king,3Aiu9HYvrQc
447,WOW! Amazing New Agriculture Technology - Grape,LeVVhO8PEIU
448,Angoor chori ho gayğŸ™„||Hmary ghr k angorğŸ‡ Or ChorğŸ˜‚||phal lganay ka wazeefa,XQxn-omrsds
449,How To Grow Grapes In Your Garden and care grapes Two Year GrapesGrapes FG final,bpL75Yzcj2s
450,"How to Grow Grapes, Complete Growing Guide",8Ik7b6UcDP8
451,No Fuss Backyard Grape Growing Pruning Propagating,OqpWgnE4ycg
452,How To Grow Grapes In Your Garden - Grow Grapes in a pot,GvOUUP38Xjw
453,Super Salad Decoration Ideas - Vegetable Plate Decoration Video,EghAs6z7uPk
454,How to Plant Wine Grapes,ZlIyG5LijSs
455,How to Plant a Grapevine,JhkUu00eja0
456,Training grape vines.From Beginning To Canopy.pt6,ksSn9EGA3eE
457,How To Grow Grape Vine From Cuttings At Home (FAST N EASY),5xYf6V3oSIU
458,Easy Way to Grow Grapes from Cuttings,MddPIxfHPUQ
459,How to Grow Backyard Grapes,kCPvSft29ws
460,ESSENTIAL Grape Vine Growing Tips - That Really WORK,AJKH1cXP2lk
461,How to Grow Grape Vine in Container | Grow Grapes at Home,Mogj2QCBn78
462,How To Train First Year Grape Vines Pt.1: Up To Your Trellis,kJR7RI1N_Po
463,How to Plant Grape Vines in Your Backyard | 9 Steps in Planting Grapes | Grow Grapes with Me,OYDIA_4jJKc
464,How To Grow Grapes On An Arbor,f7o--oAqxgA
465,Caring for Young Grape Vines,nkJHaZSS5eQ
466,DO THIS To Your Grape Vines NOW If You Want To Grow The LARGEST Bunches Of Grapes!!,egXpXdMKBPk
467,"How To Grow, Planting, And Care Grapes in Containers | Growing Grapes At Home | Gardening Tips",5Zzreg3QqR8
468,Grape Farm in Italy,4MIregDHmGs
469,Namitas ng Ubas sa La Union 50pesos(Lomboys Grape Farm) | Jepoy Reyes Vlog#18,vLjG77NNyE4
470,Bakit Mas MAGANDA MAGTANIM NG GRAPES SA PILIPINAS KAYSA IBANG BANSA| AGRIVENTURE EP. #3,Mqq5rbrfExc
471,Excellent Hydroponic Strawberries Farming in Greenhouse and Satisfying Harvesting Process,qH6KhSZ6iwo
472,Paano magtanim ng Grapes From Cuttings ? Red Cardinal Grapes,Xt5ZgwRm64M
473,HOW TO START GRAPES FARMING?and HOW TO PLANT GRAPES IN THE PHILIPPINES?+TUTORIAL TIPS and EXPERIENCE,b_FGxCJFav4
474,"Magkano ang Kitaan sa Grapes Farming? High Value Crops, High Income",Z5yLin4RkMI
475,THE MOST BIGGEST APPLE FARM - Washington Red DeliciousğŸ& Red ScarletğŸ,SAanKlcupmI
476,May Grapes Farm sa Pampanga! | The Millennial Farmer PH,7mc5vNlMXBo
477,Amazing Oil Palm Fruit Harvesting Machine - Palm Oil Processing in Factory - Palm Oil Production,xs7oNGUPi9o
478,"The Vineyard , three months after pruning || Grapes Farm in Australia",AqXWLTrMgA0
479,"How grapes are grown in hot climates, Grapes for tourists in Chiang Mai.",rq8tsAOyXY8
480,Colorful Japanese Grape Garden - Famous and Expensive Grape Harvest - Japanese Grape Farm,J3SDDjP3AsU
481,HOW TO GROW GRAPES - Farming Simulator 22,MHuuEfchgvQ
482,Grapes Farm Project (Ohana Farm Land),4KkQdP4nKF4
483,"GRAPES FARM | VINEYARD of Bauang,La Union province",AzTwMYxr-XM
484,Modern Grape Harvesting - Amazing Totals,1I6AF24zfSM
485,Farmers Reap Bumper Harvest of Red Grapes in Xinjiang,redPBnweuVg
486,Grapes farming in Pakistan - Grapes Production Technology - Best Business - Earn upto 5 Lakh,cG8VesSLq4o
487,Newport Vineyards Grape Harvest,V2J7TUaqkAk
488,Fastest Growing Edible Flowers | Growing tips,RCiy-OQB03I
489,April 2021 | Microgreens | Edible flowers | Market Gardens Farm tour . ğŸ‘¨â€ğŸŒ¾ğŸŒ±,gMjUiR2LCx4
490,Urban Farm Grows Edible Flowers | Maryland Farm & Harvest,YxDapBz5hPU
491,#Ø²Ù‡ÙˆØ±_ØªØ¤ÙƒÙ„ Ø¨Ø¹Ø¶ Ø§Ù„Ø²Ù‡ÙˆØ± Ù„Ù„Ø²ÙŠÙ†Ø© Ùˆ ØµØ§Ù„Ø­Ø© Ù„Ù„Ø£ÙƒÙ„,rpL310JMyrA
492,"$10,000 a Month Growing Microgreens in a Basement!",2opU8qMu30o
493,Top 10 high profit crops for you to become a MILLIONAIRE,4M-nGxVa9po
494,Top 5 Microgreens You Must Grow,nZWzuJ0L63o
495,Growing Microgreens + Easy Recipes | Grow Your Own Microgreens Indoors,U2Tnguo3VVI
496,Feeding Sprouts,1yrAJebGF94
497,Profitable Indoor Farming: $1200/week Growing Microgreens in a 240 Sq Room,oaU9hw4nfKg
498,This Software Can Automate Your MICROGREENS Farm!,7L3T_OA52n8
499,Ø·Ø±ÙŠÙ‚Ø© Ø¥Ø³ØªÙ†Ø¨Ø§Øª Ø§Ù„Ù…ÙŠÙƒØ±ÙˆØ¬Ø±ÙŠÙ† ( Microgreens ),CEfdFCvtzn4
500,How to grow Hydroponic Cucumbers in Cocopeat- Seed to Harvest ||  à¤•à¥‹à¤•à¥‹à¤ªà¥€à¤Ÿ à¤®à¥‡à¤‚ à¤–à¥€à¤°à¤¾ à¤•à¥ˆà¤¸à¥‡ à¤‰à¤—à¤¾à¤à¤,T3fkCzLiO8c
501,Ø§Ø³Ù‡Ù„ Ø·Ø±ÙŠÙ‚Ø© Ù„Ø²Ø±Ø§Ø¹Ø© Ø§Ù„Ù…ÙŠÙƒØ±ÙˆØ¬Ø±ÙŠÙ†,mDHeb7jgI7k
502,Microgreens and edible flowers in Hong Kong | THE CLUMSY GARDENER,eah0eZNSvbQ
503,Intro to GROWING EDIBLE FLOWERS OPTICLIMATE,NNBpj0Jp4v0
504,aquaSpin in greenhouses | Edible flowers experiences | Speiseblumen Frey,BaEpXgvx6Ys
505,Hydroponics Flowers,PmFKvaS-s8U
506,How-to for Edible Flowers - Part 1 -  On The Grow,t_RvQ1PAln8
507,"Farm.One Membership Unboxing of Baby Greens, Microgreens, Herbs, and Edible Flowers",CBgxi_b5rOw
508,Micro flowers & seeds (unknown) @village,6AHXkC7rH_w
509,One Minute on the North Fork: Microgreens at Koppert Cress,5u3EI5kldo0
510,EDIBLE FLOWERS,PdW9kunHagk
511,Ù…ÙŠÙƒØ±Ùˆ Ù‚Ø±ÙŠÙ†,FA6hHZyG97M
512,PLANTING GRAPES/STEP BY STEP PROCEDURE. HOW TO PLANT GRAPES,dsYYE0NOYuE
513,GROWING 100 GRAPE VINES FROM CUTTINGS |  Grape Plant at Home in the Philippines,xs_5ljY3P7g
514,Growing grapes in Ghana,OQmNM1oGOMg
515,5 TIPS PARA MALAMAN KUNG READY NA MAGBUNGA ANG  GRAPES,zd6YLdb51T4
516,Do You Know How Easy and Simple it is to ROOT Grape Vines CUTTINGS.,uj70Y-Xc-3I
517,Growing Grapes from Seeds,Rs3LmPOcYf0
518,These apple trees look amazing -Modern agriculture to harvest applesğŸğŸ,NxCKhpzKl18
519,EN ESTE TRABAJO SE GANA BUENOS DOLARES/ THE BEST APPLE TREES IN THE WORLD,WlPWR5w7prk
520,How to plant grapevines,ieBPfQKbdTc
521,How to grow grapes - Beginner,_JcP408sqbY
522,How to grow grape vine from cuttings,Nbtkm1gHPN8
523,How to plant a grape vine,Pq3nDXLzVAQ
524,Planting a Grape Vines  in Autumn,lvGmPEUKCV8
525,Growing Concord Grapes,RPMumXWDbBM
526,Planting Grape Vines | Growing Grapes Tips | Growing Grapes Guide,d5Dyy_b0usk
527,EASY INSTRUCTIONS ON HOW TO PRUNE GRAPE VINES - simplified,Pv-n2Bolps0
528,How to grow grape plants from seeds,JIqDoaV2Fcs
529,Pink Bag on Abode Of Mystery | Family Island.,OT8jL4tKht4
530,Pink Bag on Abode of Mistery | Family Island 2022.05,KTkHlzY8wnE
531,Second Pink Bag on Abode Of Mystery | Family Island.,li1L3X7oPLI
532,"Abode of Mystery Part C 3 Open the Moon Box, Awaken the power of the Air Totem, Family Island",_HbkKhgAUwA
533,Pink Bag on Guiding Island | Family Island 2022.05,WT8kjfTg-mY
534,Family Island: All of the Pink Bag Secrets,Ldr14V7xmQg
535,FAMILY ISLAND Abode of Mystery/ I FOUND PLATYPUS!!,vbho7UkBoqU
536,Balancer island | Fix The Balancer | Mysterious Gate | Spirit Lighthouse | Family Island ğŸ,zxrsB5AILB4
537,Family island Abode of mystery part 1,lQw56TSGONY
538,Bird Island Pink Bag Time 4:34 Family Island Game Walkthrough by @Lets Play Family Island,YfaYfvPgZJ0
539,Family Island: Star Tours,HJDmmrfmte4
540,"GUIDING Island ( Final ) Open Cave Gate, Collect Starcounter | Family Island.",G7iFyKeNzhg
541,ğŸ€âœ¨ GOT THE RAINBOW STARLIGHT ORBITAL SECRET In Tapping Legends X I Roblox,Q1-SxRg_800
542,UNLIMITED Rubies FAST in Family Island Family Island Cheats that Actually Work,F1Nl5uzkxAM
543,"[Secret Event] How to get Head Blooming, Forest Elf & Nova in Luobu Mystery Box Hunt Available Now!",0o_dRd3NAds
544,Abode of Mystery | Family Island [2022.8],i3b3EsmHwtY
545,Super Lucky!!! Got Rainbow Panda!!! [Blooket] Safari Box 4938 Tokens Unboxing,wBCZ1Ma-iGU
546,Family Island - Guiding Island/Abode of Mystery pt. 7 ğŸ”­ğŸï¸â”*PINK BAG* ğŸ‘,MM6ajfk3-rU
547,Pink Bag on Guiding Island | Family Island.,ZcmyYiMmpZs
548,Platypus & Leaderboard - Abode of Mystery | Family Island [2022.8],VFBUg-kuz34
549,Guiding Island Pink Bag 0:36 Family Island Game Walkthrough by @Lets Play Family Island,U6bFTsQ_CgE
550,Mysterious Island - Level 35 | Family Island,IcqbCzZWXVY
551,Balancer Island - Level 17 | Family Island,3YQydynswPU
552,Serendipity Island - Level 10 | Family Island,fy3X8EIbTXk
553,Pink bag in Forgotten Island Walkthrough of Family Island by @Lets Play Family Island,Us-kprIT--Y
554,Wizardâ€™s Island of Family Island Game | Part 1,DFM17iykbJo
555,MOON Island Full | Pink Bag | Energy Generator l Family Island.,0QH446S7IxU
556,Flower Island & Wedding Island | Family Island,nwjB4pJJFqo
557,Wonder island pink Time 4 minutes bag family Island Walkthrough by @Lets Play Family Island,ePF5u90Q4eA
558,"NAMIBIA, Sandwich Harbour : Amazing Planet (4K) 2021",LWyJEBPYtdg
559,"NAMIBIA, Sandwich Harbour : Amazing Planet (4K) 2021",8el5qgprcEc
560,Namibia: Live stream in the Namib Desert,ydYDqZQpim8
561,"NAMIBIA, Kwessi Dunes Quad Biking: Amazing Planet (4K) 2021",V1_Yb7v5ftQ
562,"NAMIBIA, Crazy Quad Biking in Skeleton coast: Amazing Planet (4K) 2021",8u9zRdBNjD4
563,Namibia | Ride with me the dunes to Sandwich Harbour - Namib-Naukluft National Park,khvHxqgCDk4
564,"NAMIBIA, Hoanib Valley : Amazing Planet (4K) 2021",S7g-SXGlNhk
565,"NAMIBIA, Hoanib Valley Camp : Amazing Planet (4K) 2021",lSz8G8kA6Xk
566,"NAMIBIA, Quad Biking in Skeleton coast: Amazing Planet (4K) 2021",d66hrUuDOkc
567,Offroad  fail 2  ....,iBmqr6DK0jY
568,Kayaking the Sand Dunes of Namibia,jPJh8U8zKHk
569,"NAMIBIA, Sossusvlei & Deadvlei : Amazing Planet (4K) 2021",CKdhmZJeac4
570,"Deadvlei & Namib-Naukluft National Park, Namibia  [Amazing Places 4K]",7SUlLOvBrck
571,"CANARY ISLANDS, El Hierro : Amazing Planet (4K) 2020",dLTi290Fd4o
572,Uphill Sand Racing FAIL Compilation,GCVFTiB63mg
573,NAMIBIA - Spectacular Roadtrip in 4K Ultra HD,q3OX-gIDciA
574,"NAMIBIA, Kwessi Dunes : Amazing Planet (4K) 2021",v0oEYcYY6KU
575,Sandwich Harbour - Namibia,-gzRL84cOoY
576,Namibia 4K - Scenic Relaxation Film With African Music,-s0vUJamgEw
577,"ĞĞ°Ğ¼Ğ¸Ğ±Ğ¸Ñ. ĞÑ„Ñ€Ğ¸ĞºĞ°,Ğ² ĞºĞ¾Ñ‚Ğ¾Ñ€ÑƒÑ Ğ²Ğ°Ğ¼ Ğ·Ğ°Ñ…Ğ¾Ñ‡ĞµÑ‚ÑÑ Ğ¿Ğ¾ĞµÑ…Ğ°Ñ‚ÑŒ.Ğ‘Ğ¾Ğ»ÑŒÑˆĞ¾Ğ¹ Ğ’Ñ‹Ğ¿ÑƒÑĞº.",N0QblwXyXvo
578,"Dunes Touring in Namib-Naukluft National Park, Namibia, in a 79 series Landcruiser Part 1",pdtZrV15BYk
579,Dune riding in Namibia,xhkfvMYhOGc
580,Namibia Sandwich Harbour,SdkW0IEw728
581,Arabian Uphill Sand Drag Fails And Wins Compilation. Arabian Crazy Hill Climb Crashes 2018 NEW,LA7_zGhDGm0
582,"Amazing dune driving at Sandwich Harbour, Namibia.",KVL1IyXy4aQ
583,Sandwich Harbour 4x4 Trip,eRS0E2pVSJE
584,4x4 Travel Destination // Namibia: Self Drive to Sandwich Harbour,Dhopp0n9tVU
585,GOING TO THE DUNES  I NAMIBIAN ğŸ‡³ğŸ‡¦,JzxFvXUE9VM
586,The driving expert demonstrates the very narrow road U-turn skills/All wheel drive in the air.,0ebcgGN2hEQ
587,The driving expert demonstrates the very narrow road U-turn skills,2EPoSuMg2X4
588,Dune driving in Namibia,lB6h3f7yE-I
589,NamibiaCam: Warthog piglets making an appearance again,QT110OFNcI0
590,Baby Warthogs at Safari West,XFRBE0kteEY
591,NamibiaCam: Ostrich chicks with guardian parents,-2YOsDvdBUk
592,NamibiaCam: Warthog piglets wallowing in the overflow,41AzjN6mhDU
593,"Wild Earth ~ Thandi kills her young Warthog capture ~ Nov21, 2021",U5YFTo-tQ7U
594,Variety of visitors at the waterhole in the Namib Desert (27 October 2021),mprvnuzUMPg
595,Oryx vs Giraffe,v5HJH6PLlcY
596,"Etosha Elephant breaks window, Namibia (In full)",v6CO3zN433c
597,Lions Dig Out A Baby Warthog From Cave And Eats Alive...!,IgcMF_0wsVI
598,Eagle Catches & Fights Baby Warthog,c1Mzko2wUuU
599,Warthog attacks newborn gazelle fawn,wV5Hod9-wDg
600,WARTHOG WALKS RIGHT INTO 2 LIONS,4QWU9Z-qXm8
601,Cute Warthog Spinning and Playing Compilation,WYO-N10O2Zk
602,Leopard Fails To Catch A Warthog After Waiting For Hours! | African Safari Sighting,eVeOubeITFE
603,"Brave baby warthog tries to fight off a male lion, but ends in a tragedy | Male Lion Hunting",JFtLHmSt5QY
604,Wild Dogs Take 5 Buffalo Calves in an EPIC Feeding Frenzy!,ZeN6xCg7nY0
605,Warthog kills piglet and eats it,y8jFC5hAjGM
606,NamibiaCam: Wildebeest coming close to camera - 8 March 2022,rwtJIXwxFpQ
607,Wilma and Betty! Meet two baby warthogs at Wildlife World Zoo,aMsiK9JDTxI
608,NamibiaCam: Giraffe at waterhole with warthog,y2YWA0B9UiU
609,Warthog Babies Practicing their fighting skills,xsFsL-WQvI8
610,wild dogs vs baby warthog eaten alive,d8lEKZ7UYXY
611,NamibiaCam: Baby Ostrich arrive,FaV3HJ1SAfc
612,Chase: hyena run from wildebeest,WY2c1avkBaw
613,Zebra scuffle - Hartmannâ€™s Zebra vs Burchellâ€™s Zebra,LyvJV1uJxeo
614,NamibiaCam: Little Warthog vs Oryx,fOXyvgiaqWQ
615,NamibiaCam: Mountain Zebra rolls,4OuI0cjQEqE
616,WOW!!! Most Amazing Fruits & Vegetables Farming Technique - Amazing Agriculture Technology,814oiJ0NKS0
617,Wow Most Amazing Fruits & Vegetables Farming Technique - Agriculture Technology,xgoYz4h4BSk
618,Wow! Most Amazing Fruits & Vegetables Farming Technique - Agriculture Technology In Village,LWL5tp7GwvA
619,WOW! Most Amazing Fruits & Vegetables Farming Technique - Agriculture Technology,ZxcvRXIpYiU
620,WOW! Most Amazing Fruits & Vegetables Farming Technique - Agriculture Technology,-q6y3F_2UvQ
621,Awesome Melon Farming and Harvesting - Korean Agriculture Technology,hMHv5fwSY8k
622,Top The Most Satisfying Catch Fish Videos - Traditional Big Fishing Skill in The Beautiful River #02,NoJHMJjHrWc
623,ğŸ˜Farm Fresh Ninja Fruit | Tik Tok China | (Oddly Satisfying Fruit Ninja) #5,BCrXYnnBfmU
624,Awesome Greenhouse Cucumber Farm and Harvest - Vegetable Agriculture Technology in Greenhouse,SLgrVrAguss
625,Primitive Technology: Find Wild Fruits,NJqsrZesIVs
626,WOW! Most Amazing Fruits & Vegetables Farming Technique - Agriculture Technology,GCsELEpmJk4
627,WOW! Most Amazing Fruits & Vegetables Farming Technique Amazing Agriculture Technology -2017,xLftbWJbtC8
628,Worldâ€™s Strangest Fruits - That Look Like Aliens,8GjhCBFfV_Q
629,WOW! Worldâ€™s Strangest Fruits - That Look Like Aliens â¤,6aXxm0prMk8
630,WOW! Worldâ€™s Strangest Fruits That Look Like Aliens -2017,WtkIfm2Kg3s
631,10 Weird Fruits That Look Alien,5u9XbFzILio
632,Top The Worldâ€™s Strangest Fruits THAT LOOK LIKE ALIENS -2017,DKxz-ZfuX3Y
633,fruits - World Strangest Fruits That may look like Aliens (2019),yL3K1tnVq8Y
634,WOW! Worldâ€™s Strangest Fruits and Vegetables - That Look Like Aliens â¤,Ko1NgVbrOqs
635,Amazing Food - ALIEN SPIKY BALL!! You Wonâ€™t Believe How They EAT This!!,BEQZ-kP9O5g
636,THIS FRUIT PARTY BONUS BUY PAID INSANE! (HUGE PROFIT),uP5JLp1_Kz8
637,GUESS THE BLACK PERSON FT KSI,xYQ28eu35gI
638,7 Creepiest Things Found in World of Warcraft,YMKr7ASKtfo
639,Top 8 Best Fruits To Grow In Pots | in Containers,BwwHpCU2zOI
640,Mark Wiens Worst Food Experiences Ever Part 1!!!!,Fvl36nmDxrU
641,Top 25 Most Beautiful Flowers in the World,DU5joSi-bVU
642,ğŸ˜Farm Fresh Ninja Fruit | Tik Tok China | (Oddly Satisfying Fruit Ninja) #1,CExt5KBFBYM
643,WILL IT BITE?! - Black Widow Challenge,XKqWnOtbSr8
644,Farm Fresh Ninja Fruit Cutting Oddly Satisfying Fruit Cutting: Fruits You May Have Never Tasted,IjWvo_4mSjs
645,3 Disturbing HAUNTED DRESSES That Prove The Afterlife,7vjZaUkVzT0
646,Kids Try Exotic Fruits | Kids Try | HiHo Kids,gyVwpFLFqgY
647,Teen Titans Go! | Fooooooooood! | DC Kids,e-IlQVxoUXs
648,EATEN ALIVE by Sea Lamprey!,8jNs5G88TiI
649,10 Most Mysterious Places On Earth!,1fr2CjP9fug
650,Alien World Auto Farming Bot | THE HIGH PROFIT |,_oTCgwepDfg
651,GOING TO THE EMERGENCY ROOM..,WlkWuJpGBZY
652,300-FT UFO ENCOUNTER Recalled By Former Commander - Explained (2022),2X4ufZfnBGA
653,How to make Dry Grape - Raisin Making Processing - Raisin Factory,1NeL-cIZKIo
654,How to make Dry Grape - Raisin Making Processing - Raisin Factory.2022,Nl5sBCU8hLw
655,How to make Dry Grape - Raisin Making Processing - Raisin Factory,QFb3QySTcVw
656,How to make Dry Grape - Raisin Making Processing - Raisin Factory,JytEbeFx1hM
657,Street Food | Dry Grapes Making Process | Raisins Production Process,gT7vFdgI53A
658,How to make Dry Grape - Raisin Making Processing - Raisin Factory,CIWZc0ZwZhs
659,How Money Is Made In Factory | Most Interesting Manufacturing Processes,1vW7n1MmjGo
660,How to grow grapes tree from seeds at home || growing grapes from seeds easy method,aKCi5IocLmY
661,DRY GRAPES | How to make Raisins from grapes | Kishmish | World Food Tube,3okxpWDPFU0
662,How Sugar Is Made from Sugarcane | Amazing Sugar Factory Process,EGJJf6ME7KI
663,"How to make raisins at home, homemade Kishmish,  à¤•à¤¿à¤¶à¤®à¤¿à¤¶ à¤¬à¤¨à¤¾à¤à¤ à¤…à¤¬ à¤†à¤¸à¤¾à¤¨à¥€ à¤¸à¥‡ à¤˜à¤° à¤ªà¤° à¤¬à¤¿à¤²à¤•à¥à¤² à¤¬à¤¾à¤œà¤¼à¤¾à¤° à¤œà¥ˆà¤¸à¥€",f8A2IW2CcmY
664,How is Kishmish made || à¤•à¤¿à¤¶à¥à¤®à¤¿à¤¶ à¤•à¥ˆà¤¸à¥‡ à¤¬à¤¨à¤¤à¥€ à¤¹à¥ˆ || Dried grapes (Raisins) || Farming Engineer,MYr_jKusRc4
665,à´‰à´£à´•àµà´•à´®àµà´¨àµà´¤à´¿à´°à´¿ à´•à´´à´¿à´•àµà´•àµà´¨àµà´¨à´¤à´¿à´¨àµ à´ªà´¿à´¨àµà´¨à´¿à´²àµ† à´°à´¹à´¸àµà´¯à´‚ //Dried Grapes Malayalam,sw-mm7zfgEY
666,"How Coconut Is Processed | Coconut Water, Oil, Cream Making Process In Factory",ydSaXzJQVvw
667,How to make Dry Grape Raisin Making Processing Raisin Factory,_6rsIXdMT_A
668,How to make Dry Grape - Raisin Making Processing - Raisin Factory [Asa Crafts],LPjBcy1JP7Y
669,Traditional foods How to make Dry Grape  - Golden Raisins Making Processing.,JnxczADGAAo
670,How to make Dry Grape - Raisin Making Processing - Raisin Factory [Anik Crafts],TS_t0hO3fcs
671,How to make Dry Grape|Raisins Making Process|How to make Raisins at home|Homemade Kismis||EP:32,SjNdbvGZHfI
672,How To Make Dry Grape - Planting And Harvesting Grapes - Raisin Processing Factory!,0SZwYYoHyN4
673,How to make kishmish | Raisin Making Processing Factory,CEJeO5EARP4
674,Dry Grape or Raisin Making,owKrrW_4VDA
675,How Dry Grapes Are Made | How Raisins Are Made - Raisins Factory,9FK4hBq-sy8
676,How to make Dry Grape â€“ Raisin Making Processing â€“ Raisin Factory | Grapes Farming | Grapes Garden |,tHvpALIYnIw
677,Raisins production process,TuQWaNCc3C0
678,Amazing Dry Grape Making Technology | Raisin Making Processing | Dried Fruit Factory Process,6S2ZQr1XcZg
679,Wow! Amazing Fruits And Vegetables Farms | Organic Fruits And Vegetables Farming in Pakistan,KNwZzGBsvG8
680,What is the Chinese farm like? Most Amazing Fruits and Vegetables Farming Technique,bBmZKfFYb4M
681,The Most Amazing Fruits and Vegetables Farming Technique,i5AY7dOGfU4
682,Most Amazing Fruits and Vegetables Farming Technique,9NEZEo5uQ7o
683,WOW! Most Amazing Fruit Farming Technique - Dragon fruit,NnHzCyZY-kA
684,Most Amazing Fruits and Vegetables Farming Technique,WzHlsiNAaOA
685,WOW! Most Amazing Fruits & Vegetables Farming Technique,gpJri8B1HbI
686,Most Amazing Fruits and Vegetables Farming Technique,KZuVGSkwkpQ
687,Pineapple Harvesting & Processing - Modern Production Line And Technology Of Bottled Fruit Juice!,tqJHDchBrD0
688,WOW! Amazing Agriculture Technology - Cucumbers,C6BoNgylcLQ
689,Awesome Japan Orange Farm and Harvest - Japan Agriculture Technology and Processing Orange to Juice,dn_RMnPH89A
690,Amazing Pineapple Cultivation & Harvesting Process - Mobile Pineapple Fruit Juice Processing Plant,ho11McFaOVw
691,Amazing Farming ideas for Your Home & Garden - Growing vegetables in a banana tree,TS4yso--HVQ
692,Amazing Cutting Skills | Awesome Fast Worker,S_tTewiSuOs
693,Amazing Agriculture Technology - Chayote Cultivation - Chayote Farming and Harvesting,0qfCimLJDJw
694,Farm Fresh  Fruit / Most Amazing Fruits & Vegetables Farming Technique,XuHtlNZk-Mw
695,Most Amazing Fruits and Vegetables  Farm UK Farming Technique- Vegetable farming in UK,FuHHYWyvi1k
696,Most Amazing Fruits & Vegetables Farming Technique,Bq9FinSK1tM
697,Most Amazing Fruits and Vegetables Farming Technique,08vegqDU6eo
698,Most Amazing Fruits & Vegetables Farming Technique - Agriculture Technology,2SWX60pHpDw
699,Most Amazing Fruits & Vegetables Farming Technique,jGSrbFoLGyE
700,How to grow grapes from seeds - Part 1 (seeds to 75 days old),rEtNIGLHFt8
701,Growing grapes from with 3 steps,IpgpTziPeLY
702,Tips for growing grapes from seeds for gardeners | how to grow grapes from seeds,ZBvwpIkjA3o
703,How to grow grapes from store-bought grapes | Grow grapes from seeds,B7mJC4y_dHY
704,How to grow grapes from seeds - Part 2 ( 2.5 months to 8 months old),8xxz6PKPKUM
705,Grow Orange Seed Fast & Easy Way,gN49W9siNok
706,How to Grow Cassava to Fast Harvesting and Most Yield - Easy and Effective - Agriculture Technology,TpTIxv9LaFQ
707,How To Grow Chillies At Home|100+ chillies per plant|Seed To Harvest,rPlEA5_JrBs
708,HOW TO GROW Grapevines From GROCERY STORE Grapes.,9yhRLlLWRQI
709,TOP 6 FACTORS PARA MAG BUNGA ANG GRAPES IN 8 MONTHS,Vvz-UX-5nHo
710,Cara Menanam Anggur Dari Biji,pF5klH4MHfI
711,How to Train a Grape Vine in Pot/Container | Grape Vine in Terrace Garden,un8d8PECsuQ
712,Magical way to Grow Coriander In just 5 Days / How to grow Coriander at home / Cilantro grow at home,-5y4JzIk3OU
713,How To Grow Grapes - How To Plant Grape Seeds - Backyard Grape,EV23kf0pFRA
714,Grow GrapesğŸ‡From SeedsğŸ’¥||How to grow grapes||Step By Step||Grapes grow from seedsğŸ’¥ğŸ¥€,sPQNA3qxrIs
715,How to grow grapes from seeds (PART 2) | sprout the grape seeds,8N0YwPfYZUQ
716,GROWING GRAPES FROM SEEDS Very Easy-FilMaChin,vsGa0GUFDBI
717,Growing Grape  From Seed Time-lapse  How to grow  Vines from seed | Grape seed germination,JkSVhtCyhs8
718,How To Grow Grape Vines from Seeds Step by Step,E7uuwEdWHl0
719,HOW TO GROW GRAPE FROM SEED,4IQczSDRq7k
720,How To Grow A Grapevine From Store Bought Grapes-EASY How To,4tO7zeTsm8s
721,Growing grapes from seed is very easy with three steps,WRidNgf3pEc
722,Grapes seeds | Growing grapes from seeds or stem is very easy with 2steps| easy way to grow grapes,PvUpWMOn5yw
723,How to grow open field tomato and yield the same as managed greenhouse tomatoes in Tanzania,IbkqV4Gnsws
724,All to know about greenhouses structure existing in China and Tanzania/Low to High cost/technology.,oyN_di3EbaA
725,"Dodoma, Tanzania. Grapes plantation.",1CCzGELssJM
726,"How is Apple Juice Produced, Modern Fruit Juice Production Process Saves Millions of Dollars",AL8VNrTQZ2A
727,Most EXPENSIVE Fruits In The World!,TQ_IxcUj7Vw
728,Grapes Farming Grape Harvesting Grapes cultivation WOW! Amazing Agriculture Technology,9T2YdDau8z0
729,Unlocked Credit Lines Allow Poor Tanzanian Farmers To Invest In Vineyard,WMfQv1GzQ_Q
730,Most Expensive GRAPES In The World - Success Of Grapes Farming In Japan,kD5APWbqq-k
731,Grapes farming in Kenya. 0793518655,xYYDz2ny-bk
732,THINGS THAT WILL MAKE YOU RICH IN AFRICA,xwxvoDz9x9I
733,SEE THIS GREENHOUSES AT THE VILLAGE IN DODOMA TANZANIA,SsVHaHwdClM
734,How Xinjiang farmers dry grapes,AjNIxD-XXeE
735,Safe grape harvest in RIOJA,s-bTXQPWGx8
736,SAFE Citrus Harvest Video,JOETl6mSvmo
737,Braud 3D animation - Grape Harvesting Excellence,hit6PiJNTeU
738,New Holland Grape Harvesting Performance Test,OjFz4NT7bPc
739,"Apple Harvest and How to make Apple Juice in Factory, Apple juice production line",6cbJA4MWIBQ
740,Ben and Hollyâ€™s Little Kingdom | Perilous Pies | Kids Videos,Q-JM7z4proc
741,Night Harvest - Sauvignon Blanc Grape Harvesting - Marlborough New Zealand,cvTPahVOm4Y
742,Evans Creek Vineyard Grape Harvest,0a5qa9WzAZI
743,Grape Harvester - How It Works!,Rk-QfCEpnkk
744,Amazing Expensive Grape Harvesting and Processing Grape Juice Modern Agricultural Harvesting Machine,oXhEjF2uq0Q
745,HARVESTING WINE GRAPES 2022 || MODERN GRAPE HARVEST,WrN3H0pIq-M
746,Mechanical Grape Harvesting,fv-AnyvWL7g
747,2011 Grape Growing Season | Grapevine Flowering and Grape Harvest Predictions,9IvJVAwC1ko
748,Pellenc Optimum Grape Harvester,WBmFH7fNxnA
749,Potential Crops to Invest in Tanzania| Conducive Agri-business Environment (Government Full Support),-fmoTOOh_5I
750,Invest Tanzania Agriculture - Business Opportunities in Tanzania Farming,YBVxeVJeJDE
751,"AGRICULTURE, INVEST IN TANZANIA",5dBW37P2mKM
752,The dragon fruits farming in kenya,-Cdv_bZVOpY
753,Avocado export earnings in Tanzania to hit $50 million annually,msD5grZY1w8
754,GRAPES FARM,Wb11za9U318
755,Grapes farming in the Philippines? 100% possible !,r6iqbRurzkA
756,WHY YOU SHOULD INVEST IN TANZANIA IS GOOD INVESTMENT (FASTEST GROWING  ECONOMY IN  EAST AFRICA),CRQps_0GMJw
757,AGRICULTURAL CROPS THAT WILL MAKE YOU RICH IN TANZANIA AFRICA,FAfA0kcCigM
758,Grapes Farm In Al Qassim Buraidah,k3vmUw4qik8
759,Grapes farm in Buraidah vlog#38,s7b24JhCR3c
760,"TENGENEZA 10000/=,20000/=50000/=KUPITIA FARM EARN TECHNOLOGY/0756797563 WHATSAP GUSA LINK ğŸ‘‡ğŸ‘‡JISAJILI",9LjqLPd7rd4
761,AGRIBUSINESS VALUE CHAIN IN TANZANIA,B0TnljoPU9k
762,Grapes harvest,XbbfUDWseLU
763,"Unbelievable Organic Garden Harvest, This is What I Harvested Today!",Oa2apuOj5R4
764,"Apples | British Summer | sweet, Healthy & delicious",2pWO6JYNUOA
765,"Harvesting Bitter Eggplant, Pointed Gourd..../ Planting Mustard Green/Uk Gardening ( 21 Sep 2021)",ckg2SzIeFSg
766,åˆåˆ°äº†ç“œæœè”¬èœæ€ä¹ˆåƒéƒ½åƒä¸å®Œçš„å­£èŠ‚ï¼Œè„‘å£³ç–¼å‘ | Liziqi Channel,lCIxvZAc-tE
767,Summer in the Vineyard Full Length English HD Online   New Hallmark Movies 2018,kBSP8Bu3d7c
768,Huge Grape Harvest - UK,4sZPQM6mFVk
769,Dark Red Garden grape ready for harvesting during second UK lockdown,nRnmYW_WXiE
770,How to grow HUGE grape crops in the UK for free!!,l0YvTQoChII
771,A Mid Summers Nights Harvest,j0N8uPr-YL0
772,Strawberry Shortcake ğŸ“ The Berry Big HarvestğŸ“ Berry Bitty Adventures,A1SBHVxHuKE
773,The  English Cherry - A Story of Farming Revival,axcwPSFYdeI
774,BBC Harvest Series 1 1of3 The East 2015,MPrTZUosFdU
775,"Abundant Grape Harvest Varieties Strawberry Grape, Phoenix, Brandt, Bianca & Hamburg/ Allotment",_O7RsvWcfLI
776,Why Japanese Melons Are So Expensive | So Expensive,2YntFbFRnvs
777,CPG Silverlands Namibia,7zYFue62Pf4
778,"Silverlands Poultry, Tanzania",MZdfikM91x8
779,Namibia Wine Tour,6oJuDj6m1b0
780,"Aussenkehr, Namibia, 2019",kBK-Fn1J6QM
781,Where The Rich Hide In Namibia,BfshtUg1zzM
782,"Windhoek City view & Windhoek, Namibia  ğŸ‡³ğŸ‡¦ nightlife (A EUROPEAN TASTE IN AFRICA)",NHbJ6k-UTaQ
783,Namibia  [Amazing Places 4K],zKsrKqGyeY0
784,Namibia - Dry to Green,7hhYPerBv4o
785,"Most Luxurious Lodges in namibia, africa | Best luxury lodges",RylHiK7VtGk
786,The Cost of Living in Namibia: Housing,l2g_DA_Rxqc
787,NAMIBIA TRAVEL DOCUMENTARY | 4x4 Safari Road Trip,bmFfViYlHzA
788,"The Most Expensive Apartment in Lagos, Nigeria (Eko Atlantic City)",inV0dNssUj0
789,Microlight flying on Farm Helmeringhausen (Namibia),NgDwRaAmDWo
790,"ğŸ”´REALMS OF GLORY (ROG) , (DAY350) # Life Is Spiritual # 10-05-2022",NrC57LtpWeY
791,Silverlands House,GCCj_DZOKQs
792,PROMO for Kehoro || Agriculture Farm in Namibia,oNDcHzGYQ2w
793,VINEYARD FARM IN NAMIBIA ll WINE TASTING + LUNCH  #OTAVI #THONNINGII #THONNINGIIFARM,lNZQPCqwxxE
794,"Silverlands Crookes Brothers, Southern Africa",I6DSYprZ1rQ
795,Ep 8: One Last Namibian Hurrah,FdaeQfteKCc
796,At a Namibian farm | Easy German 140,Df07wQXd4kI
797,"Welcome, to THE ERONGO WILD experience!",mZXa9iUsJjQ
798,"Church Jr. Music - Jesus, I Am In",z4PI7Z1OMMY
799,Yours -Guc (Jesus I am your own),Be3ozHVeBIM
800,Who I am in Christ | Scriptural Confessions for Christian Identity,5MCRPVSeNvs
801,"L O V E, Love",FOsnEkcKWKM
802,Jesus I Am in Love (Live),c8v0ivYzMzw
803,Jesus I Am In by Jana Alayra - Dancing,LFSO0P3qxiE
804,Santo RosÃ¡rio ao Vivo | 10/05/2022 (TerÃ§a-Feira) | 4h da madrugada,_LWrhR5yg6Y
805,I Want Jesus | John Wilds | Jesus Image,6SpTCBX6Yyg
806,The ONE Sin God Will Never Forgive...,PksUqcay0RY
807,Minister GUC - All That Matters 1 Hour Loop,O-fZr8o4dcY
808,Steve Crown - You are Yahweh 1 Hour Loop,So-_bnEjcs8
809,I Am in Hell with 2 Demons & Jesus Walks inâ€¦,QqFzQmHFHHc
810,Minister.G.U.C 2022 Mixtape - G.U.C Worship Mix 2022 - G.U.C Songs 2022,UqSXPZj4HY8
811,ğŸ”´ Spirit-Filled and Soul Touching Gospel Worship Songs for Prayers | DJ Lifa #TotalSurrender22,3C8nPP9wVjc
812,"Where Did Jesus Say, ""I Am God, Worship Me""? (David Wood)",sS-lLTfCI7c
813,I Wanna Do Right,RlxxuTV-5vk
814,02 Rain or Pour,RbgA2UNnfng
815,Who I am in Christ positive affirmations (Encouraging Bible verses for sleep with music),V1Ck2GrmBIs
816,"Everybody, Everywhere",er8xLZ6AyKg
817,"Jesus, I Am Resting Matthew Smith Lyrics",PjDWhaq0zIg
818,"Before Abraham was, I am | The Gospel of John (2003)",AEUzXoGNza8
819,"Jesus, I Am Resting, Resting (Presbyterian Hymnal #503)",vzCEGZPvFHM
820,I AM GOD - FATHER JESUS CHRIST IN THE FLESH - The God of gods & King of kings,TI6K1Y7fvW0
821,Crowder   I AM Official Song Video  featuring Son of God Film,I0Gpuz2O4cQ
822,I Am Jesus Christ - Gameplay - Walkthrough,OmLxF39Xw0w
823,"Jesus, I am resting, resting",LiRK2gu-KQQ
824,LIVE 7 AM Mass in Konkani (Misachi Bhett) | Basilica of Bom Jesus | Tuesday 10 May 2022,zmGwPIe9OjM
825,"Sakit sa Baga, Tamang Pag-ubo, Paghinga, Emphysema, Hilik - ni Dr Leni Fernandez #1",4olBHUI3Xb4
826,UBO: Sanhi at Lunas â€“ ni Dr Bernice Ong-De La Cruz #2b,kzo7FzH_Y9g
827,"Pneumonia versus Bronchitis, at Tamang Gamutan - Payo ni Dr Leni Fernandez #6",oh5DUwkKpbE
828,"Tuberculo-sis, Mahina Baga, at Spot sa X-ray-  ni Dr Rey Salinel at Doc Willie Ong",jnEL96BQ-yU
829,Salamat Dok: The significance of chest x-ray,keRxFB2lG_o
830,"Palakasin ang Baga: For ""Cleaner"" Lungs - Payo ni Doc Willie Ong #750c",UKR4Z-MKjT4
831,Explainer: Paano lumaki ng todo ang agwat sa presidential elections ngayong Halalan 2022?,C5ooHztnLU4
832,VP Robredo nagpasalamat sa mga tagasuporta | HALALAN 2022 (10 May 2022),Ic5pLtqJXNU
833,"Robin Padilla, nangunguna sa senatorial race | Halalan 2022 (9 May 2022)",NC7LWwbPaLg
834,ğŸŸ¢Ubo na may plema at dugo paano gamotin.,gXXco0HM0G8
835,Alisin ang MUCUS AT PLEMA Gamit Ang ASIN,Vzsi88wkano
836,"Robin Padilla, nangunguna sa senatorial race | Halalan 2022",RYpVzv3C4E0
837,Unang Signs na may TB,iYTpcEq2_0g
838,Vlog #01 Home remedy for pleural effusion o tubig sa baga ( tagalog ),cU7xS9Zm6e4
839,Ubo ng Ubo: Pulmonya na ba o Tuberculosis? - Payo ni Doc Willie Ong at Doc Liza Ramoso-Ong #631,RlGEpZUyIOk
840,"Mabisang LUNAS sa Diabetes, High Blood, Cholesterol at Stress - Payo ni Doc Willie Ong #567b",b23-hRvPKrc
841,Sakit sa Baga (Lungs): 6 Warning Signs Tips Para Lumakas ang Baga - Payo ni Doc Willie Ong #153,0bkOMehQ-Io
842,TUBIG sa BAGA: Sanhi at Paliwanag - Payo ni Dr Mon Fernandez #9b,OeT0eZBCf5Y
843,MAY MAPUTI SA BAGA MO? ALAMIN DITO KUNG BAKIT,9LuV6d-KZxw
844,"X-ray sa Baga, Tuberculosis (TB) at Pulmonya Kumpleto Gamutan - Payo ni Dr Leni Fernandez #2",NA6Pfx6RCEU
845,LUNG CLEANSING: Palakasin ang Baga by Doc Willie Ong #750b,F1m941u6Pdg
846,"Chest  x ray  -   Tuberculosis healed,  (TB),   Inactive TB",U7zvKbjYX7I
847,Pneumonia: Simple Health Remedies - Tips by Doc Willie Ong #910,D6VJurxcQgY
848,PWEDE BANG MAGPA X-RAY NG MARAMING BESES FT. DR. VANIR CAMPO BY DR. KIM CARLOS | CARLOS CLINIC,tRPGODsTMIg
849,Walang TULOG at PUYAT: Ito PANLABAN Mo - Payo ni Doc Willie Ong #603,Ntvhn8iMNb8
850,Pagod Ka Ba Lagi? Fatigue. Masakit Katawan - Payo ni Doc Willie Ong #572,d876WZ_Lzb8
851,ğŸ¤¦â€â™‚ï¸ #1 Disease That Causes Erectile Dysfunction (ED) and Impotence - by Dr Sam Robbins,aRPcTjOc2yA
852,How to Get Rid of Warts Naturally,8huhe2q9s4U
853,Pagkain Para Lumakas ang Baga â€“ ni Doc Willie at Liza Ong #264c,4X1kKKy2_SY
854,"Pulmonya, Ubo, Sipon at Chest X-ray â€“ ni Dr Rudy Pagcatipunan (Pulmonologist) #1",mW5nxvI7lBQ
855,"Baga May Bukol, Impeksyon, Lung Cancer at Tubig sa Baga - Payo ni Doc Willie Ong #192",Bphu92OKzmk
856,Fibrouazed densities- peklat sa baga: what to do # 861,E37S7vq2Ans
857,This Animals Farm Life In Cyprus Europe by Rhea,BLm_RnWmeu8
858,#grapes  #farming  #cyprus                                         Harvesting  wine grapes,mqYgnU4kHmE
859,Ganito Ka Sa Farm Nila Bossing /Cyprus Europe / Rhea Cano,khhs1OzJjsU
860,Grapes farm,KIG7G9UMbxc
861,BAKIT HND PA AKO NAG PRUNING NG GRAPES...,uaFkhdOi1-k
862,Strawberry sa Mainit na Lugar New variety acquired Honeoye,YkChu7wiwVg
863,Cyprus farm work life | Cyprus farm work visa 2022 | cyprus farm work life vlog | Cyprus country,wMl6spv6q0E
864,KALIDONIA WATERFALLS (NATURE TRAIL) CYPRUS EUROPE #OfwLifeInCyprus,N7ybEE-PwY4
865,Dingalan Aurora Philippines + Flashback Memories,MgB3oINkfAI
866,Harvesting Wine Grapes / Cyprus Mountain,3VuhVGGAUmE
867,Strawberry Farm/North Cyprus/Turkey Side/Adventure/CHEMZ Vlog OFW,ogKZrIib224
868,The Largest Highclass Table Grapes Farm In Mindanao ğŸ‡,5nWkVv63U0o
869,"Cyprian Grapes (Lysos, Paphos, Republic of Cyprus)",yHzbvUY-R3w
870,cyprus grapes cultivate,7khD-B4v5wA
871,Grapes Farm in France,XOcX1CXlKY4
872,Cyprus Rosery Nursery | Work Experience | Working Hours | Salary,KkivBPl-cGg
873,Xynistery Cyprus grape,7OqRTaSgAEA
874,Grapes Farm | Qassim Region | Saudi Arabia| Ù…Ø²Ø±Ø¹Ø© Ø§Ù„Ø¹Ù†Ø¨,BTIpp97O5ZI
875,Explore Saudi Arabia (15) - Grape farm - Al-Qassim / à´–à´¸àµ€à´®à´¿à´²àµ†  à´®àµà´¨àµà´¤à´¿à´°à´¿ à´¤àµ‹à´Ÿàµà´Ÿà´‚,GCyJtgeW6r4
876,Tara sa Farm Grapes at Dates Saudi Arabia 2020|Buhay ofw,1Qhl9v7NB1E
877,"ğŸ‡ğŸ‡BEAUTIFUL GRAPE FARM,QASSIM,SAUDI ARABIA |Ù…Ø²Ø±Ø¹Ø© Ø§Ù„Ø¹Ù†Ø¨|",99103BViBSI
878,Grapes Farm | Grape farm | Grapes Farm | Buraida | Riyadh | Buraidah | saudi arabia| à´®àµà´¨àµà´¤à´¿à´°à´¿ à´«à´¾à´‚,V3HQmNyWjHA
879,"Grape Farm in Al Qassim, Saudi Arabia | à´…àµ½ à´–à´¸àµà´¸àµ€à´®à´¿à´²àµ† à´®àµà´¨àµà´¤à´¿à´°à´¿à´ªàµà´ªà´¾à´Ÿà´™àµà´™àµ¾ | VLOG 2",IoHVE-fr354
880,Inside a Saudi Date Store!,bnJcyszCmb8
881,GRAPES FARM IN SAUDI ARABIA,5i3G7AlYViY
882,"Grapes Farm high quality for export, Tabuk, Saudi Arabia",rUQAjPgfY0Y
883,"Grape Farms in Bani Saad, Taif, Saudi Arabia",VEiGixOSdRA
884,FARM SEEDLESS GRAPES IN SAUDI ARABIA,4s9yrsWMdOk
885,"Grapes Farm , Deer Farm & Fig Farm in Buraydah, Qassim region- Saudi Arabia",KNgAjGWJzo0
886,Grape Farm Buraydah/ Famous places to visit in Saudi Arabia/ Cinda Creationz,HkQ-OyUIaxk
887,Grapes farm || Qassim Region || Saudi Arabia || Ù…Ø²Ø±Ø¹Ø© Ø¹Ù„ÙŠØ§Øª Ø§Ù„Ù‚ØµÙŠÙ…,05kOaLx5x8I
888,Grape farm taif/saudi arabia taif/banisad grape farm/pomegranate farm taif/with location/thayif,77D_hVyzJeM
889,à´¸àµ—à´¦à´¿ à´…à´±àµ‡à´¬àµà´¯à´¯à´¿à´²àµ† à´®àµà´¨àµà´¤à´¿à´°à´¿à´¤àµ‹à´Ÿàµà´Ÿà´‚ à´•à´¾à´£à´¾à´‚... Grapes farm in Saudi arabia - Buraidah,nMr-r0Gx87Q
890,Nofa Park PART 2 / Grapes farm in Riyadh / Dragon fruit farm in Riyadh | Nofa birds sanctuary & farm,lSWJJ_twJEc
891,Grape farm in Saudi Arabia // Vlog 1,Nqw6sgRs3QE
892,"GRAPES FARM | TABUK, SAUDI ARABIA",deRo3_NvipY
893,Napa Valley in Saudi | Vineyard in KSA | Grapes Farm | Wanderlust Couple | Saudi Adventurers,hMd-TEiZdFo
894,60 Years Of Spinneys,dZMmCR6c5qA
895,Ø§Ø³Ø¹Ø§Ø± Ø³ÙˆØ¨Ø± Ù…Ø§Ø±ÙƒØª Ø³Ø¨ÙŠÙ†Ø³ Ù„ÙŠÙ‡ Ø§Ù„Ø£Ø³Ø¹Ø§Ø± ØºØ§Ù„ÙŠÙ‡ # Spinneys Supermarket,V7q2j_aQrn4
896,Up-To-Data Episode 1 | Spinneys,dADVbBtEMH8
897,Spinneys Dubai | trip to Dubai spinneys | Learn Eat And Explore,3dG958v1l3U
898,Spinneys Lebanon... 64th Anniversary,b5AMzMPOtU4
899,Spinneys Warehouse Documentary,O0hfINoJdcA
900,China 70th anniversary parade and celebrations | FULL,xnoaWO3KDIA
901,Pennywise: 1990 Vs 2017,k-UlDApj8QI
902,60fpsä¸­è¯æ°‘åœ‹1991å¹´(æ°‘åœ‹å…«åå¹´)é–±å…µ 1991Republic of China Parede,ZauQwOSkjLA
903,Highlights: China celebrates 70th anniversary with biggest ever military parade,Lmp51YN-7wc
904,"CBS Special - Happy Anniversary, Charlie Brown - WBBM Channel 2 (1976)",zMH6O5CugTg
905,Road King Special is a King among cruisers,ahs9P7QL9OY
906,4K ä¸­åœ‹æŠ—æˆ°å‹åˆ©70é€±å¹´ã€Šèƒœåˆ©å¤§é˜…å…µã€‹å…«ä¸€åˆ¶ç‰‡å‚ 2015 China V-Day Parade ä¹ä¸‰é–±å…µ,ltgo2D7MfhU
907,1984å¹´ä¸­åœ‹35å‘¨å¹´é„§å°å¹³åœ‹æ…¶é–±å…µ ç•«é¢éŸ³æ•ˆç¶“å…¸ç‰ˆ,GmHx-_Av-70
908,"Quick Tour | Spinneys Central Market, World Trade Center, Abu Dhabi",3Fz9oU95pAQ
909,American Favourites at Spinneys,UPJBgNxRqNs
910,Spinneys funday 2019,DZsyE_omFnI
911,Spinneys Abudabi New year Celibrashion 2016.  3,HcsPo6lGKTY
912,Ø§ÙØªØªØ§Ø­ Ø³Ø¨ÙŠÙ†ÙŠØ² ÙØ±Ø¹ Ø§Ù„Ø´Ù…ÙŠØ³Ø§Ù†ÙŠ Spinneys Shmaisani branch opening,MYW1QrltcP0
913,SPINNEYS MIRDIFF (desert safari) trailer,ftvkIuxYQn4
914,spinneys market barsha dubai ğŸ˜‹,B-SNHjAv7iY
915,Spinneys alforsan,iU9qFMwHwdE
916,Spinneys Abu Dhabi Dinner Party at Royal Yacht Restaurants,Ly-BE9J3P2o
917,spinneys,MPpX20dl_mg
918,Extraordinary Plum Cultivation | Collection And Processing Of Plums For Drying | Modern Farm#21,6QAR5ilEZMc
919,How to Remove Stones from Cherry Plums / Small Plums,V-NCBADfpcE
920,Healthy Farming Tips// A day with Amwana at the farm// village,IFsSxSrWWuM
921,How To Start A Successful Duck Farm With Less Capital | All You Need To Know #farming #ducks,e6UYd1zv-Ec
922,UK suffers from shortage of seasonal fruit pickers this summer,6R3lLR5z3_A
923,"How To Grow, Care and Harvesting Plum Trees in Backyard - growing fruits",i6mniJNdQf0
924,Awesome Dates Palm Cultivation in desert - Dates Palm Farm and Harvest - Dates Processing Factory,8iak-sC1Sys
925,Santa Rosa Plum Tree - Growing Plum Trees | Plum Plants - Pruning Plum Trees Updates - GardenersLand,uk2Zin8W-UA
926,Hunting and Picking || Wild Cherry Plums || so Colourful In The Park,1BomhWk7H_A
927,Cold on Plum Farm,SP73m6f6RvU
928,FARDIN FARYAD - BARAN DANA DANA,e-0HBsFn170
929,Cereal Shopping in Supermarket with Jason,21-1nXawH3U
930,All things Farming South Africa| ğŸ’¯ Organic Cabbage update #southafricanyoutuber #letsgrowtogether,XCUzVRPWWjg
931,Sweet and Juicy - Cherry Plum,w5bpPRzOZkY
932,Organic Plum Farm in USA  #jayanthjathin,E81E3bgnHWo
933,Cherry picking at Klondayke Cherry Farm |Ceres|Cape Town|odiatoka|Devi|South Africa,NJuE8iW6EkI
934,Fruits unlimited,ZnRyawp5Zp8
935,South African Lemon || Lemon Africa Selatan,3kaTOKn1lxg
936,Plum From South Africa,0lHNNWHJhtE
937,Orange River | Canoe Trip | Felix Unite Provenance Camp  | Aussenkehr Namibia | 2004,QLtOhoKxYAM
938,Orange River | Felix Unite River Adventures | New Year trip 2004-2005 | Guide Kate,76_7cBN5MQw
939,Orange River | Felix Unite River Adventures | New Year trip 2004-2005 | Guide Wula,YQ4VP2-PdTM
940,10 Scientifically Impossible Places That Actually Exist,S3ksC_8jGuc
941,"Off Namibia, an underwater diamond harvest",FZC1KpBY9GU
942,"Paddling Between 2 Countries! | Orange River Adventure, Part 1",ZyyFkWsPuCg
943,Walk with Lions | Zambia | Mukuni Big Five Safaris | Day - 3 | April 2022,HqyJYzbsZEY
944,Namibia Permaculture swales,JdAqVhg4SyY
945,Improving the colour of table grapes,ieZIVgVDvd4
946,Orange river flood 31012022,4-S7zxGaEy8
947,Aussenkehr,zwRVZDalmmA
948,The Mighty Orange River Adventure (Namibia),PMU5oWbHpyo
949,Aussenkehr Investment,rLxjdEpxwZI
950,Rafting down the Orange River,UQN50hPj--4
951,Insight Agriculture Part3 Citrus production at Bernafay resettlement farm MICT Hardap 2021,Mfs57NUQ-YI
952,Aussenkehr the hiding place in Namibia nobody knows,yqij2UGXY_s
953,Aussenkehr 2016,mreRQUd0ex0
954,Aussenkehr,gGIj7g7WcaA
955,"Namibia, Aussenkehr (2019)",bQoKWMgHZDk
956,Noordoewer to Aussenkehr to Rosh Pinah Video 1,uWvdXxg3yGc
957,Aussenkehr Namibia,xHFTN83hzN4
958,"NOORDOEWER RSA BORDER VILLAGE, ORANGE RIVER & GRAPE FIELDS AERIAL | ĞĞ­Ğ ĞĞ’Ğ˜Ğ”Ğ•Ğ ĞĞĞ Ğ”Ğ£Ğ’Ğ•Ğ  Ğ˜ Ğ“Ğ ĞĞĞ˜Ğ¦Ğ Ğ®ĞĞ ",-5CU1tSqQw4
959,Grapes farming in Kenya.0793518655.,nu4oX_hP4rk
960,Climate and Soil Suitable for  Grape Cultivation,1-Rr3s3N7BE
961,"à¤¯à¤¸à¥à¤¤à¥‹ à¤› à¤¨à¥‡à¤ªà¤¾à¤²à¤•à¥ˆ à¤¸à¤¬à¥ˆà¤­à¤¨à¥à¤¦à¤¾ à¤ à¥‚à¤²à¥‹ à¤…à¤‚à¤—à¥à¤° à¤«à¤¾à¤°à¥à¤® , à¤œà¤¹à¤¾à¤ à¤¯à¤¸à¤°à¥€ à¤¬à¤¨à¥à¤› à¤¸à¥à¤µà¤¦à¥‡à¤¶à¥€ à¤µà¤¾à¤‡à¤¨ | Grape Farming in Nepal",j6yqSTtGV0c
962,"11K DIAMONDS in 15 MINUTES! How to ""Fast Farm"" In Roblox Royale High!",i-T3fCREByE
963,Tfue Uses *NEW* Fastest Farming Exploit! - Fortnite Best and Funny Moments,umzI2HJ8-NQ
964,A Complete 1-99 Farming Guide for Oldschool Runescape in 2021 [OSRS],xgZXMSrtU-4
965,âš¡Lightning fast farming,NSwbLgLU9Go
966,Elden Ring NEW RUNE FARMING LOCATION 100 Million Easy & Fast for Any Level Best Rune Farm Exploit,V8QlgmOy2t4
967,BRUTAL 1 SHOT Electric Wraith King Super Crit with Insane Fast Farming Nothing Can Stop Him Dota 2,aMsESJ-16OU
968,MIRACLE Fast Farm vs Fast Farm TA â€” 980 GPM Farming Machine,bm-zxH-M98Q
969,Elden Ring | 100+ MILLION RUNES! | NEW! AFK Rune FARM! | Get MAX Level FAST | BEST Way To FARM Runes,khpb3_Ovz8o
970,5 Golden tips to make money fast in Farming Simulator 20 fs 20,ju1KRI4i3Zw
971,Elden Ring NEW RUNE FARMING LOCATION 150 Million Easy & Fast for Any Level Best Rune Farm Exploit,NEk8RBnJO-A
972,4 Tips To IMPROVE Your CS and Farm Like The Pros - League of Legends,jOSyf1NQspo
973,"Minecraft Farm In 10 SECONDS, 1 Minute & 10 Minutes",f8rX3df3oDY
974,5 Biggest Mistakes All Noobs Make in Clash of Clans,uTPO4gWAMqg
975,Free-range Chicken Farming ( Episode 59)â”‚Harvesting hundreds of eggs & Feeding 800 native chickens,5nqZ3oOhd5k
976,These Richest Farms In The World Will Blow Your Mind,wxoM4G2NSxg
977,How to Level Up FAST your WEAPON | Auto-Farming & AFK in Weapon Fighting Simulator | NOOB TO PRO #09,WMR1asax6Ho
978,Most PROFITABLE Small Farm Ideas You NEED To Try!,Ws6DIpRhzZI
979,(TRY THIS) Miya Full ATK Speed Build = SAVAGE!! - Road to Top 1 Global Miya ~ MLBB,DvK0MxjfJsc
980,INSANE PROFIT In Growtopia! How To Get RICH FAST In 2022! (EASY DLS!),JlwpIGCw5nA
981,Pro Player BTR BOTTLE VS Randy25 Fanny!! WIN STREAK 60 | Mobile Legends,qHWxNeHnR3Y
982,BEST DIAMOND FARMING METHOD *NO MULTIPLIERS NEEDED* Royale High Hacks,6aIOH7K1fKk
983,How to be THE FASTEST FARMING CARRY - BROKEN Farming Patterns - Dota 2 Tips and Tricks Guide,D-Z5uRZaCyM
984,SPINNING UP THE HILLSâ€¦,VJoOMA6b_WE
985,SAVAGE!! Roger Fast Farming 9 Mins Max Lvl! - Top 1 Global Roger by RUSTEZ - MLBB,1MwlZhI5DlM
986,"ğŸ‘¨â€ğŸŒ¾ Farm Fast - Farming Idle Game ğŸŒ¾ GAMEPLAY (Android, iOS)",dRd9N87hueQ
987,Elden Ring | 1+ MILLION Runes in 30 SECONDS! | EASY Rune Farm EXPLOIT! | FAST Level Up! | Early Game,ZMEu33tjYKQ
988,Destiny 2 | FASTEST SOLO FARM! Easy Platinum Medallions Every 5 Minutes! - MUST SEE!,9Rk03K64z14
989,8 Most Richest Farmers In The World - Net Worth Of These Richest Farmers Will Blow Your Mind,pBJ7seAjJPo
990,Largest Farms in The World That Will Shock You,qOLFL810whY
991,15 Ways to Create GENERATIONAL WEALTH,_em_-JVzJIk
992,"Reefing Report Live! Gen 6 Radion, 3rd Party Trident Juice and Ugly Fish!",OXlk9wpMP2A
993,Piggy Bank Relaunch Day Is Here! Animal Farm Will Make You A Millionaire With These Updates!!,lXR40K4LXOE
994,The Richest Farmers EVER Revealed!,V0V-Nr3bOqs
995,The BILLION Dollar Farmer Has Secrets You NEED To Know!,6gBWBrOOTsI
996,Top 10 Richest Farmers In The World | The Millionaires & Billionaires Farmer 2018 | What TV,H3aMAW-wzzo
997,Working & Homeless: The Death of the American Dream | Poverty in the USA Documentary,NwDAaKJXKPE
998,15 Weirdest Beauty Standards Around The World,Fq-0iIAtgSk
999,Largest Farms In The World RANKED!,cMy6meomBlM
1000,Baffling Ancient Artefacts...These Discoveries Prove Someone Lived on Earth Millions of Years Ago,99ixArPlsbE
1001,"People Laughed at the Price of This House, Until They Looked Inside It",GIJy6yS2T14
1002,Most Profitable Small Farm Ideas You NEED To Know About!,2Ujq-GA2ql0
1003,Profitable Things You MUST Do With Your Farm In 2021!,EUVNN0jnl9E
1004,The 10 Profitable Farming Ideas in 2021 with Farmgate and Retail Price,UErMLleFobg
1005,5 most PROFITABLE small farms ideas to try || BACK YARD FARMING,K03OOdozC5I
1006,Top 10 Best Profitable Farming Business Ideas,bOqDqtNvfY4
1007,Top 5 Most Profitable Agribusiness Ideas ğŸ’¡ To Start in 2022 | All You Need To Know,js7LX0cEMnE
1008,Â¼ ACRE LAND Agriculture Business Ideas to be a MILLIONAIRE FARMER | Profitable Agribusiness Ideas,DTli7KDWfNU
1009,18 Most likely AGRICULTURE Business That Make you RICH | Most Profitable Agriculture Farming,fuQyMYhs0Co
1010,How to Make Money on a Small Farm,GROIP7mGxls
1011,35 Useful Gardening Hacks || Easy Ways to Grow And Collect Food,eaPrVcLaqOE
1012,Crops That Will Make You FILTHY Rich!,x2LPK65HJm8
1013,From OFFICE GIRL to FARM GIRL,NK_VVvNjgBg
1014,15 Alternative Feed Ingredients for Pig to Reduce the Feed Cost,DDoZYBKPaVA
1015,FIVE REASONS SMALL FARMS FAIL!!,XHls2HEFudw
1016,How to Start a Farm Business that Makes $120K/Month (Pt. 1),0oJ7CtdhQAY
1017,How to make LOTS of money (6 FIGURES) on 1/3 an acre | Elephant Garlic | Microfarm,PM7Iu4suGMw
1018,5 Ways to Make Money On A Small Farm,_UzmXABlhoQ
1019,8 Most PROFITABLE AGRIBUSINESS IDEAS in 2022,SINsdL0ztoY
1020,$100K SMALL FARM BUSINESS PLAN,JL8PpEE-gCs
1021,What Makes Vegetable Farming SO Profitable!?,NMvxEnmZ9V0
1022,How to Start a Farm with No Money,xoTGECeLvwA
1023,7 MOST Profitable Agribusiness Ideas In 2022 worth Millions (Worldwide)HD|Agriculture Business ideas,gVFNVkTijsY
1024,How Much does it Cost to run Our Small Farm?,xYr7uhRazN4
1025,"the weeknd, chase atlantic - the hills x swim (sped up)",179ksRJLeWM
1026,"the hills x swim- the weekend, chase atlantic ( speed up )",3s7jlUP_JcA
1027,The Weeknd - The Hills (Official Video),yzTuBuRdAyA
1028,The Hills - The Faim (Official Video),twDfnOzDSNI
1029,Peter Gabriel - Solsbury Hill,_OO2PuGz-H8
1030,GoPro 1080p resolution test - Spinning up the hills!!,8VG8hmM2wS8
1031,The Hills (Sped up) The Weeknd,vkC5UZMg1bQ
1032,SPINNING AT THE HILLS IN MITCHELLSPLAIN,_r3Yb4T_gqs
1033,Protoje - HILLS (Official Video),YlqCITVVahM
1034,The Weeknd - The Hills (Lyrics),zxdSHfZFKkY
1035,Spinning My Tails But... ğŸ˜‚ğŸ˜‚ğŸ˜‚,FvnBdw8Nwbk
1036,WHEN BURNOUTS GO BAD!!!,rdbMRwEpmxg
1037,The Weeknd - The Hills (HXV Blurred Remix) (Bass Boosted),SRtAjiCeit4
1038,"SUV Battle 2020: Audi Q8, BMW X5, Mercedes GLE, Volvo XC90, Range Rover Sport, Jeep, Lexus & BMW X6",0H_UxhRXgec
1039,Five Little Ducks - Great Songs for Children | LooLoo Kids,7gSTiUsGpJI
1040,Spinning Up Sherwood Hills,PIGybmHGb-E
1041,SPINNING IN THE HILLS,BujigvRIWbs
1042,Life & tyre smoke Spinning at The Hills 2,AybkltTCf6k
1043,The Fool On The Hill,sGDuGybCRSE
1044,Iron Maiden - Run To The Hills (Official Video),86URGgqONvA
1045,The Weeknd & Chase Atlantic- The Hills X Swim (Remix)// (Sped up),B3T6Y0nUe90
1046,The Weeknd the hills x chase Atlantic swimming,XwW_Duo-BVs
1047,"the hills x swim - the weeknd, chase atlantic [speed up]",Fe0bVEd3mrY
1048,hills x swim ~ the weeknd & chase atlantic   {sped up by danii},yvq1ldbp2WY
1049,chase atlantic-swim (sped up+reverb) // tiktok version,iSlzrTcy5yk
1050,the hills x swim (sped up),vzcx0lwOVF4
1051,"Swim X The Hills (Chase Atlantic, The Weekend) [Matteo Caudullo Mashup]",Yb5tbaKV_Rg
1052,Friends,_f1ypDfvjgM
1053,The Hills x Swim (sped up),uArESIKBStY
1054,"The hills x Swim- the weekend, chase atlantic | ~speed up~ |",5k2gPVxGHLg
1055,Chase Atlantic - Swim / Lyrics,lVSBxYjGLPs
1056,Chase Atlantic - Triggered (lyrics),ctwcY36mUDk
1057,the weeknd-is there someone else? (sped up+reverb),Fi1375XpMek
1058,Swim (sped up),r9Q58w--610
1059,weeknd - often [sped up],iixHDQKJ4N8
1060,MIDDLE OF THE NIGHT (speed up),LfQeZpl4cPc
1061,needed me x streets - (speed songs/ninght core),4iKoCdjSloI
1062,Jealous Girl - Lana del rey - Sped up,kz7ddUU376c
1063,chase atlantic - friends (sped up),u7hQgObbhzs
1064,tory lanez-in for it (sped up+reverb),kFkZKOK0zvY
1065,the neighbourhood - softcore (sped up),IVNCw8EWmQk
1066,chase atlantic-friends (sped up+reverb),e_R-H4lp09c
1067,Chase Atlantic - Swim ( tiktok remix + speed up ),BBewWOxf7o8
1068,Chase Atlantic - Swim (tiktok remix/speed up) Lyrics | luckily luckily luckily chase atlantic,ztC_hIVraYk
1069,"Chase Atlantic - ""SWIM"" (Official Music Video)",mC9v5FaLt84
1070,the hills x swim // the weeknd x Chase Atlantic (TikTok Mashup) [traduÃ§Ã£o],hLZ6xW18Bk8
1071,chase atlantic-into it (sped up+reverb),M60tmfcfFJM
1072,Hills X Swim- The Weekend + Chase Atlantic (Speed Up),6DSextCokpQ
1073,The hills x pillowtalk - sped up,4BlUmGliEFA
1074,sickick-mind games (sped up+reverb),Ajn1xtaKYn4
1075,lloyd-swimming pools remix (sped up+reverb),jVE_1gI-KQs
1076,chase atlantic-oh mami (sped up+reverb),Jr5UqQNovEA
1077,swim - chase atlantic (nightcore/sped up),rRQA-WHeBkA
1078,"The Weeknd ""The Hills"" subtitulada/lyrics",BhHiOiQnT0k
1079,The Weeknd - The Hills (Remix) ft. Eminem (Music Video),eJgEmw5Ke0Q
1080,The Weeknd - The Hills (Live at Apple Music Festival: London 2015),NZXb_N4mCL0
1081,The Weeknd - Is There Someone Else? (Official Audio),i4ZuseKFBF0
1082,ELDERS REACT TO THE WEEKND,GnjCl-3pALc
1083,The Weeknd - Blinding Lights (Official Video),4NRXx6U8ABQ
1084,The Weeknd - Blinding Lights - Live at Coachella 2022,AiDo-pUHjpI
1085,Hillsong en Espanol Sus Mejores Canciones - 35 Grandes canciones  Hillsong en Espanol 2020,P1s_c9mu-QU
1086,The Weeknd - Die For You (Official Music Video),uPD0QOGTmMI
1087,The Weeknd   The Hills Remix ft  Nicki Minaj ABELS ETHIOPIAN R&B STAR,KbLbdf6-pCk
1088,the hills || (ï½“ï½Œï½ï½—ï½…ï½„),NLyi0BYO1P8
1089,The Weeknd - The Hills (Bass Boosted),ka5FnDWBNP0
1090,The Weeknd - The Hills | (Lyrics Video) / Ù…ØªØ±Ø¬Ù…Ø©,ZIq2RpfEhg8
1091,The Weeknd - The Hills (Vevo Presents),hTaihFTiXgc
1092,The Weeknd ft Eminem - The Hills Remix [Lyrics] Official Audio,E5ENO6ftxg4
1093,The Weeknd - The Hills (Sub EspaÃ±ol),qUcmCv7a8qE
1094,The Weeknd - Out of Time (Official Video),2fDzCWNS3ig
1095,The Hills - The Weeknd (speed up),1FKGuK0AI1U
1096,The Weeknd - The Hills (American Music Awards 2015),FT6z5CGetkg
1097,Sigma - Find Me ft. Birdy,Ec92Wa8zJs8
1098,The Faim - The Hills (Official Audio),V5wQJnfRYao
1099,The Faim - The Hills  (Official Live Performance),-dRcOfTK_20
1100,Ease My Mind - The Faim (Official Video),5YJjl9v2_H8
1101,The Faim - Summer Is A Curse (Official Video),7oNcPG_uXWI
1102,The Faim - The Alchemist (Official Audio),gwH5-6W_AK8
1103,The Faim - ERA (Official Audio),GgurXB9I35g
1104,The Faim - Ease My Mind (Official Audio),hmwT7KyF4Lc
1105,The Faim - Buying Time (Official Video),lXrfVfv4xro
1106,"The Faim - Live from the Electric Ballroom, London (December 13th, 2019)",s74hO6-Sq4s
1107,UK + EU Tour starts this week!,fxDcHb4nCfI
1108,"Live from The Echo, Los Angeles (October 13th, 2019)",dwkqBEhe8H0
1109,State of Mind - Out Now,Rkp7JKGUHC0
1110,The Faim -  Where The River Runs (Audio),lemy9BASUfo
1111,Rhye - The Fall (Official Video),JJS5ywEIsA4
1112,The Weeknd - Faith (Music Video),cIgSS36kJws
1113,The Weeknd - Lost in the Fire (Lyrics) ft. Gesaffelstein,vRtZVAIowHU
1114,The Script - Hall Of Fame (Lyrics),3Kxf2dHlDpQ
1115,The Weeknd - DIE FOR YOU (Lyrics) | Tiktok Song,FNgbrbjunXc
1116,The Faim - Fire (Official Video),gr-d2OzSF9s
1117,The Faim - Midland Line [Official Video],s7dmsg1ljEM
1118,The Faim - Humans [Official Video],oM0xa0wVCNY
1119,The Faim â€œThe Hillsâ€ MV Reaction,GWXbnjg_ef0
1120,The Faim - Summer Is A Curse [Audio],VDkwe8_LHW4
1121,The Faim - Amelie (Official Video),Ic6bqVo7k_8
1122,The Faim - Saints of the Sinners [Official Video],H_1pMc9DuUI
1123,Peter Gabriel - Solsbury Hill (Live DNA),WeYqJxlSv-Y
1124,Solsbury Hill (Rockpalast TV 1978),fbCJUMBeHX4
1125,"Vocal ANALYSIS of ""Solsbury Hill"" by Opera Singer / Voice Coach",YFWzvpWhrZE
1126,Solsbury Hill (Remastered 2002),TBiT36MCLqs
1127,Peter Gabriel - Solsbury Hill  (Back To Frontâ€“ Live in London) HD,pl3EAAXUGzg
1128,Peter Gabriel with Paula Cole HD   Don t Give Up  from  Secr,98lNKjwYtaU
1129,Peter Gabriel - Sledgehammer (Growing Up Live),_KSxRj9YhG8
1130,Alan Parsons - Sirius / Eye In The Sky (Live),jdyto5rf0HU
1131,Phil Collins - In The Air Tonight LIVE HD,IeDMnyQzS88
1132,Jamie Webster / BOSS Night - Solsbury Hill - Plaza Felipe II - Madrid - 01.06.19,4AEdLkVPNW4
1133,Peter Gabriel - Solsbury Hill (Live In Athens 1987),zpePvu3A_UM
1134,Peter Gabriel - Solsbury Hill,eMwn_hnoS5Y
1135,Peter Gabriel - Solsbury Hill (with lyrics),uRQIic97g6U
1136,Moribund The Burgermeister,Xj_tys8paUU
1137,Solsbury Hill,NNMR5MCpYGU
1138,Peter Gabriel - Solsbury Hill (Live on Letterman),AWdrtR8qXYs
1139,Solsbury Hill - Peter Gabriel,5YwdVINq5s8
1140,Peter Gabriel - Solsbury Hill Live (Back to Front Tour- London),UOj9E2vXmAA
1141,Solsbury Hill (Live),IBqZpyAftpk
1142,Solsbury Hill,bXXkzyVIlhw
1143,Solsbury Hill by Peter Gabriel in 1080p HD,XIv-b9wZ6Vw
1144,"GoPro Hero 4 Black Edition | 4K, 2.7K and 1080p Test Footage",GOxSCzQ5vsg
1145,SLOW MOTION TEST  | GOPRO HERO 7 BLACK | 1080p 240fps | 2.7K 120fps,nFJGzV4yjMM
1146,GoPro HERO6: This Is the Moment in 4K,vr0qNXmkUJ8
1147,5 Reasons Why You Should NOT Buy the GoPro HERO10,aOof-YutD6c
1148,How to Make GoPro Cinematic | 5 tips for beginner filmmakers,O_fqwfkWRLs
1149,5K GoPro HERO 9 Video Test,w-ySEQBUKCE
1150,GoPro HERO 10 Black: 4k120fps! Quick & Honest Review,FiVYdSbqclU
1151,How to use the GoPro Hero 10 for Cinematic Video Footage // 5K & 4K,ybt3aVtcBmw
1152,GoPro Hero 10 footage test | shot at cinematic 1080p 60 fps #goprohero10 #footage,68bFh4U-_1w
1153,"GoPro HERO 4 Video Quality Test & Comparison (WVGA, 720p, 960p, 1080p, 1440p, 2.7k, 4k, SuperView)",k2GnFFajzTA
1154,GoPro Hero 9 - Abu Dhabi Night Ride Test 1080p 60fps,Qfd7bXsZ8BI
1155,Spinning GoPro 360Â° camera at 2000 RPM,l37Cf1QT92A
1156,GoPro HERO10 Black: A Cinematic Story in 5K,a8D4U3iyt5c
1157,GoPro Hero 9 1080p 60fps Video Test | How good is it?,_U1WsTJm7X8
1158,GOPRO HERO 3 BLACK EDITION SKATEBOARDING TEST (HD),D067HzieTZ4
1159,"GoPro HERO 3+ Video Quality Test & Comparison (WVGA, 720p, 960p, 1080p, 1440p, 2.7k, 4k, SuperView)",iyr6zjcqni0
1160,GoPro POV Videos: 4 Different Mounts Explained,L27YS7l5kso
1161,LPV GoPro HD Tuto Test drift 1080p,mXFA7sj7xKs
1162,GoPro HERO 1080p 30fps Test Samples,LLziaczF9oY
1163,the weeknd - the hills (sped up + pitched),b1-371mlPoA
1164,the weeknd - hills [sped up + reverb],_5rh6YDOMls
1165,Streets (Sped up) Doja Cat,gZsy5gOQjHs
1166,the hills (sped up - reverb),EL9tVPxftow
1167,the weekend - the hills ( sped up remix ),p_rPKJClVik
1168,the hills x pillowtalk (sped up),USprncnvP4Q
1169,the hills - sped up,1VDNI3BVy5k
1170,the weeknd sped up playlist,0tYTWIHKJfg
1171,Starboy - The Weeknd // sped up + reverb,PP9hkXsvAl0
1172,sped up tiktok audios â™¡ pt. 35,EEJI7WwAlU0
1173,the weeknd-trust issues (sped up+reverb),xhKGJqgf69Y
1174,i was never there ~ sped up,hzw0vP62OWY
1175,"save your tears- the weeknd (sped, pitched up) â™¡",8B5FY7wpkNU
1176,the weeknd-trust issues (sped up+reverb) // tiktok version,6Pbtu_51pQw
1177,"The Weeknd-The Hills(speed, pitched up)",g9bZLkURlP0
1178,the hills â” the weeknd ( sped up ),uTB4eak0WuU
1179,the weeknd-the hills (sped up+reverb),H6V1vf--Dyo
1180,the weeknd - the hills (sped up),WEH_VbjyvxM
1181,die for you x the hills (sped up),3LZ5d94MvFU
1182,hills - sped up,zeGsmqrxxF0
1183,The Weeknd - the hills (sped up),ynfIRLTCwPc
1184,Ford drives into BMW - Burnouts @ Mitchells Plain Cape Town,hlk7GeQHQTs
1185,mitchells plain burn outs spinners drifting vuilhond & team crab 021 spinners,5wQyP9MpBDc
1186,Lentegeur Mitchells Plain burnouts Cape Town South Africa 2018,Q7JKG-X8418
1187,drifting practice in Mitchells Plain | young spinner cape town,tlX3YdRJ614
1188,Spinning Sundays in Lentegeur Mitchells Plein,cdLUPlij9_o
1189,THE HILLS SPINNING EVENT,JZ4OZkHAPRU
1190,CapeTown Spin bash #sidehustlegaragefeature #sidehustlegaragespecial,6PNX_jdavc4
1191,"Striding Edge Ridge Walk, 4K Lake District UK",oA6bJhGHLV0
1192,Cape Town spinning v8 Lexus boxxie,qJ_h2plGCCM
1193,"CRASHES, Fails & Near-Misses - Leaving A Car Show & More! 2020",BLYSM4-u1xM
1194,STREET DRIFTING FAILS COMPILATION 2022,P-ZBI0m8ddU
1195,Street Burnouts Compilation South Africa,eAtWc-Hp_nE
1196,Durban Spin Fest 2018   Car Spinners,GtlOGuYtZdA
1197,Mitchells plain spinners,GhAcn2QI1lw
1198,Cape Town BEAMS Burnouts At THE HILLS,g1n4oaxxtyg
1199,Cape town spinners L28,R4VqGMXCXoY
1200,Cape Town Big Bash 2019 - Mix Spinning Clips Part 13,mrTiMnq7HZI
1201,Protoje - Kingston Be Wise (Official Music Video),FFA5e_1Mrvo
1202,Protoje - Hills (Lyrics),HctHwKNcbGI
1203,Protoje - Bout Noon (Official Music Video) || A Matter Of Time,7OXalETuhRY
1204,Protoje - Switch It Up (Official Video) ft. Koffee,Z04PEg2QwNY
1205,Protoje - Weed & Ting (Visualizer),2SEYLu8qSNs
1206,Chronixx live | Rockpalast | 2018,-Y98uCHayPs
1207,Patience,c9VQye6P8k0
1208,Sevana: Tiny Desk (Home) Concert,LMQp9x3hkMc
1209,Lutan Fyah - Weed Oooooh (Official Music Video),i9SdGSC8jQQ
1210,Chronixx - Here Comes Trouble (Official Music Video),LfeIfiiBTfY
1211,Stephen Marley feat. Damian Marley & Buju Banton - Jah Army (DJ Res-Q Video Edit),M79KsXmsvec
1212,Protoje - No Lipstick (Official Music Video),i9hs_JR_FVU
1213,Protoje - Who Dem A Program (Official Music Video),2aeac-fjwt0
1214,Protoje - Hills Lyrics (2022),3BRrQoICbAM
1215,Protoje - Who Knows ft. Chronixx (Official Music Video),hzqFmXZ8tOE
1216,Protoje  ft. Ky-Mani Marley - Rasta Love (Official Music Video),AkWXXGe49cw
1217,Protoje - Dread (Official Music Video),e-u_8WVnlgM
1218,Protoje: Tiny Desk (Home) Concert,CMyNMITOjro
1219,Protoje - Same So (Official Video),mAiIRJmnSfs
1220,The Hills - The Weeknd Lyrics,3MQMQTBTVHU
1221,The Weeknd - The Hills | Lyrics Songs,M75t7_ANB2c
1222,The Hills - The Weeknd [Vietsub + Lyrics],5CQihENn28c
1223,The Weeknd - The Hills (Lyrics),2XihdzOq2no
1224,The Weeknd  The Hills (Lyrics),3e4OmR5Ma48
1225,The Weeknd - The Hills (Lyrics),wQgRQzivc14
1226,The Weeknd - Save Your Tears (Lyrics),pQ0DOToHVhs
1227,The Weeknd - Call Out My Name [LYRICS],9X9CcPWR_-U
1228,The Weeknd - Blinding Lights (Lyrics),XwxLwG2_Sxk
1229,The Weeknd - I Feel It Coming ~ Lyrics ~ ft. Daft Punk,NzAXjb9tsw0
1230,Call Out My Name - The Weeknd (Lyrics) ğŸµ,__ZjS7oBdk8
1231,The Weeknd - Starboy (Lyrics) ft. Daft Punk,xizN47Box_Y
1232,The Weeknd - In Your Eyes (Lyrics),UzZj2ide0x8
1233,The Hills - The Weeknd (Lyrics) ğŸµ,6EP5NB24ZPg
1234,Charlotte Lawrence - Slow Motion (Lyrics),s9wZFDj9VU4
1235,The Weeknd   The Hills Lyrics,zcQMLrWWoVM
1236,The Weeknd - The Hills (Lyrics),J5xdYxALy_4
1237,The Weeknd - The hills (Lyrics),0jgRYj1J_cs
1238,The Weeknd - The Hills (Lyrics),cM6COqg8J_I
1239,Sonic Movie Fix And Why You Should Date Me,4sMmJJekgTs
1240,Spinning my tails but... funny,lorNu0jh1CA
1241,Corrupted â€œSpinning My Tailsâ€ But Everyone Sings It | Sonic x Come Learn With Pibby x FNF Animation,lKQy_tjjnp0
1242,Spinning My Tails But... (Part 2) ğŸ˜‚ğŸ˜‚ğŸ˜‚  | Spinning My Sonic funny animation,FDY1UoPIbgI
1243,Spinning my Tails but... scary? Friday night funkin,Ofqwf2ZpVf0
1244,Pibby Corrupted â€œSpinning My Tailsâ€ But Everyone Sings It | Come Learn With Pibby | FNF Animation,0-P0jNCNGt0
1245,No need to be upset 10 HOURS LONG!!,eY52Zsg-KVI
1246,Spinning my Tails - Weird Edition,avaRoM27eRI
1247,Tails Caught Sonic FNF  360Â° POV Animation.,sj4pn1nLpoU
1248,Classic Sonic and Tails Dancing Meme 10 Hours,PrYYo2R9848
1249,Corrupted â€œBOSSYâ€ But Everyone Sings It | Teen Titans GO! x Come Learn With Pibby x FNF Animation,icf_3OvIVuc
1250,Sonic Exe vs Knuckles Night Friday Funkin 360Â° Animation,DkY4IHSHpZk
1251,Indie Cross V1 - Cuphead but... I heavily edited,my6TeIrlM28
1252,Spinning My Tails 360Â° Animation Friday Night Funkin VR POV,TWnbI-bQNFo
1253,Spinning My Tails but Funny (Minecraft Animation) FNF x Friends From Future,SYX_pFlUslE
1254,"Spinning my tails/ FNF ""Friends from the future."" Ordinary Sonic vs Tails",wkh-yJw3e2A
